ID,rank,scientificName
1,superkingdom,"PROKARYOTA"
s2,kingdom,"ARCHAEBACTERIA"
2,kingdom,"ARCHAEA "
3,phylum,"Crenarchaeota"
4,class,"“Aigarchaeota”"
5,order,"N.N. (""Ca. Caldiarchaeum"")"
6,class,"Thermoprotei"
7,order,"Acidilobales"
8,order,"Desulfurococcales"
9,order,"Fervidicoccales"
10,order,"Sulfolobales"
11,order,"Thermoproteales"
12,phylum,"Euryarchaeota"
13,class,"Archaeoglobi"
14,order,"Archaeoglobales"
15,class,"Halobacteria"
16,order,"Halobacteriales"
17,order,"Haloferacales"
18,order,"Natrialbales"
19,class,"Methanobacteria"
20,order,"Methanobacteriales"
21,class,"Methanococci"
22,order,"Methanococcales"
23,class,"“Methanomicrobia”"
24,order,"Methanocellales"
25,order,"Methanomicrobiales"
26,order,"Methanosarcinales"
27,class,"Methanopyri"
28,order,"Methanopyrales"
29,class,"Thermococci"
30,order,"Thermococcales"
31,class,"Thermoplasmata"
32,order,"Methanomassiliicoccales"
33,order,"Thermoplasmatales"
34,phylum,"“Korarchaeota”"
35,order,"N.N. (Korarchaeum)"
36,phylum,"“Nanohaloarchaea”"
37,order,"N.N. (Nanosalinarum)"
38,phylum,"“Thaumarchaeota”"
39,class,"Nitrososphaeria"
40,order,"Nitrososphaerales"
s41,kingdom,"EUBACTERIA"
41,kingdom,"BACTERIA "
42,subkingdom,"NEGIBACTERIA"
43,phylum,"Acidobacteria"
44,class,"N.N. (Bryobacter)"
45,class,"Acidobacteria"
46,order,"Acidobacteriales"
47,class,"Blastocatellia"
48,order,"Blastocatellales"
49,class,"Holophagae"
50,order,"Acanthopleuribacterales"
51,order,"Holophagales"
52,class,"Solibacteres"
53,order,"Solibacterales"
54,phylum,"Aquificae"
55,class,"Aquificae"
56,order,"Aquificales"
57,order,"Desulfurobacteriales"
58,phylum,"Armatimonadetes"
59,class,"Armatimonadia"
60,order,"Armatimonadales"
61,class,"Chthonomonadetes"
62,order,"Chthonomonadales"
63,class,"Fimbriimonadia"
64,order,"Fimbriimonadales"
65,phylum,"Bacteroidetes"
66,class,"Bacteroidia"
67,order,"Bacteroidales"
68,order,"Marinilabiliales"
69,class,"Chitinophagia"
70,order,"Chitinophagales"
71,class,"Cytophagia"
72,order,"Cytophagales"
73,class,"Flavobacteria"
74,order,"Flavobacteriales"
75,class,"Saprospiria"
76,order,"Saprospirales"
77,class,"Sphingobacteriia"
78,order,"Sphingobacteriales"
79,phylum,"Caldiserica"
80,class,"Caldisericia"
81,order,"Caldisericales"
82,phylum,"Chlamydiae"
83,class,"Chlamydiae"
84,order,"Chlamydiales"
85,order,"Parachlamydiales"
86,phylum,"Chlorobi"
87,class,"Chlorobea"
88,order,"Chlorobiales"
89,phylum,"Chrysiogenetes"
90,class,"Chrysiogenetes"
91,order,"Chrysiogenales"
s92,phylum,"Cyanophyta"
92,phylum,"Cyanobacteria "
s93,class,"Phycobacteria"
93,class,"Cyanophyceae "
94,subclass,"N.N."
95,order,"Chroococcidiopsidales"
96,order,"Nostocales"
97,order,"Pleurocapsales"
98,order,"Spirulinales"
99,order,"Synechococcales"
100,subclass,"Oscillatoriophycideae"
101,order,"Chroococcales"
102,order,"Oscillatoriales"
s103,class,"Gloeobacterophyceae"
103,class,"Gloeobacteria "
104,order,"Gloeobacterales"
105,phylum,"Deferribacteres"
106,class,"Deferribacteres"
107,order,"Deferribacterales"
s108,phylum,"Hadobacteria"
108,phylum,"Deinococcus-Thermus "
109,class,"Deinococci"
110,order,"Deinococcales"
111,order,"Thermales"
112,phylum,"Dictyoglomi"
113,class,"Dictyoglomia"
114,order,"Dictyoglomales"
115,phylum,"Elusimicrobia"
116,class,"Elusimicrobia"
117,order,"Elusimicrobiales"
118,class,"Endomicrobia"
119,order,"Endomicrobiales"
120,phylum,"Fibrobacteres"
121,class,"Chitinispirillia"
122,order,"Chitinispirillales"
123,class,"Chitinivibrionia"
124,order,"Chitinivibrionales"
125,class,"Fibrobacteria"
126,order,"Fibrobacterales"
127,phylum,"Fusobacteria"
128,class,"Fusobacteriia"
129,order,"Fusobacteriales"
130,phylum,"Gemmatimonadetes"
131,class,"Gemmatimonadetes"
132,order,"Gemmatimonadales"
133,class,"Longimicrobia"
134,order,"Longimicrobiales"
135,phylum,"Ignavibacteriae"
136,class,"Ignavibacteria"
137,order,"Ignavibacteriales"
138,phylum,"Kiritimatiellaeota"
139,class,"Kiritimatiellae"
140,order,"Kiritimatiellales"
141,phylum,"Lentisphaerae"
142,class,"Lentisphaeria"
143,order,"Lentisphaerales"
144,order,"Victivallales"
145,class,"Oligosphaeria"
146,order,"Oligosphaerales"
147,phylum,"Nitrospira"
148,class,"""Nitrospira"""
149,order,"""Nitrospirales"""
150,phylum,"Planctomycetes"
151,class,"Phycisphaerae"
152,order,"Phycisphaerales"
153,order,"Tepidisphaerales"
154,class,"Planctomycetacia"
155,order,"Planctomycetales"
156,phylum,"Proteobacteria"
157,class,"Acidithiobacillia"
158,order,"Acidithiobacillales"
159,class,"Alphaproteobacteria"
160,order,"N.N. (e.g., Breoghania)"
161,order,"Caulobacterales"
162,order,"Emcibacterales"
163,order,"Iodidimonadales"
164,order,"Kiloniellales"
165,order,"Kordiimonadales"
166,order,"Magnetococcales"
167,order,"Micropepsales"
168,order,"“Parvularculales”"
169,order,"Rhizobiales"
170,order,"Rhodobacterales"
171,order,"Rhodospirillales"
172,order,"Rhodothalassiales"
173,order,"Rickettsiales"
174,order,"Sneathiellales"
175,order,"Sphingomonadales"
176,class,"Betaproteobacteria"
177,order,"N.N. (Chitinivorax)"
178,order,"Burkholderiales"
179,order,"Neisseriales"
180,order,"Nitrosomonadales"
181,order,"""Procabacteriales"""
182,order,"Rhodocyclales"
183,class,"Deltaproteobacteria"
184,order,"N.N. (e.g., Deferrisoma)"
185,order,"Bradymonadales"
186,order,"Desulfarculales"
187,order,"Desulfobacterales"
188,order,"Desulfovibrionales"
189,order,"Desulfurellales"
190,order,"Desulfuromonadales"
191,order,"Myxococcales"
192,order,"Syntrophobacterales"
193,class,"Epsilonproteobacteria"
194,order,"Campylobacterales"
195,order,"Nautiliales"
196,class,"Gammaproteobacteria"
197,order,"N.N. (e.g., Alkalimonas)"
198,order,"Acidiferrobacterales"
199,order,"Aeromonadales"
200,order,"Alteromonadales"
201,order,"Arenicellales"
202,order,"Cardiobacteriales"
203,order,"Cellvibrionales"
204,order,"Chromatiales"
205,order,"Enterobacteriales"
206,order,"Immundisolibacterales"
207,order,"Legionellales"
208,order,"Lysobacterales"
209,order,"Methylococcales"
210,order,"Nevskiales"
211,order,"Oceanospirillales"
212,order,"Orbales"
213,order,"Pasteurellales"
214,order,"Pseudomonadales"
215,order,"Thiotrichales"
216,order,"“Vibrionales”"
217,class,"Hydrogenophilalia"
218,order,"Hydrogenophilales"
219,class,"Oligoflexia"
220,order,"Bacteriovoracales"
221,order,"Bdellovibrionales"
222,order,"Oligoflexales"
223,order,"Silvanigrellales"
224,class,"Zetaproteobacteria"
225,order,"Mariprofundales"
226,phylum,"Rhodothermaeota"
227,class,"Balneolia"
228,order,"Balneolales"
229,class,"Rhodothermia"
230,order,"Rhodothermales"
231,phylum,"Spirochaetae"
232,class,"""Spirochaetes"""
233,order,"Brachyspiriales"
234,order,"Brevinematales"
235,order,"Leptospiriales"
236,order,"Spirochaetales"
237,phylum,"Synergistetes"
238,class,"Synergistia"
239,order,"Synergistales"
240,phylum,"Thermodesulfobacteria"
241,class,"Thermodesulfobacteria"
242,order,"Thermodesulfobacteriales"
243,phylum,"Thermotogae"
244,class,"Thermotogae"
245,order,"Kosmotogales"
246,order,"Mesoaciditogales"
247,order,"Petrotogales"
248,order,"Thermotogales"
249,phylum,"Verrucomicrobia"
250,class,"Opitutae"
251,order,"Opitutales"
252,order,"Puniceicoccales"
253,class,"Spartobacteria"
254,order,"N.N. (Terrimicrobium)"
255,class,"Verrucomicrobiae"
256,order,"Verrucomicrobiales"
257,subkingdom,"POSIBACTERIA"
258,phylum,"Actinobacteria"
259,class,"Acidimicrobiia"
260,order,"Acidimicrobiales"
261,class,"Actinobacteria"
262,order,"Acidothermales"
263,order,"Actinomycetales"
264,order,"Actinopolysporales"
265,order,"Bifidobacteriales"
266,order,"Catenulisporales"
267,order,"Euzebyales"
268,order,"Frankiales"
269,order,"Gaiellales"
270,order,"Geodermatophilales"
271,order,"Glycomycetales"
272,order,"Jiangellales"
273,order,"Kineosporiales"
274,order,"Micrococcales"
275,order,"Micromonosporales"
276,order,"Mycobacteriales"
277,order,"Nakamurellales"
278,order,"Nitriliruptorales"
279,order,"Propionibacteriales"
280,order,"Solirubrobacterales"
281,order,"Streptosporangiales"
282,class,"Coriobacteriia"
283,order,"Coriobacteriales"
284,order,"Eggerthellales"
285,class,"Nitriliruptoria"
286,order,"Egibacterales"
287,order,"Egicoccales"
288,class,"Rubrobacteria"
289,order,"Rubrobacterales"
290,class,"Thermoleophilia"
291,order,"Thermoleophilales"
s292,phylum,"Chlorobacteria"
292,phylum,"Chloroflexi "
293,class,"Anaerolineae"
294,order,"Anaerolineales"
295,class,"Ardenticatenia"
296,order,"Ardenticatenales"
297,class,"Caldilineae"
298,order,"Caldilineales"
299,class,"Chloroflexia"
300,order,"Chloroflexales"
301,order,"Herpetosiphonales"
302,order,"Kallotenuales"
303,class,"Dehalococcoidia"
304,order,"Dehalococcoidales"
305,class,"Ktedonobacteria"
306,order,"Ktedonobacterales"
307,order,"Thermogemmatisporales"
308,class,"Thermoflexia"
309,order,"Thermoflexales"
310,class,"Thermomicrobia"
311,order,"Sphaerobacterales"
312,order,"Thermomicrobiales"
313,phylum,"Firmicutes"
314,class,"Bacilli"
315,order,"Caryophanales "
316,order,"Lactobacillales"
317,class,"Clostridia"
318,order,"Eubacteriales"
319,order,"Halanaerobiales"
320,order,"Natranaerobiales"
321,order,"Thermoanaerobacterales"
322,class,"Erysipelotrichia"
323,order,"Erysipelotrichales"
324,class,"Limnochordia"
325,order,"Limnochordales"
326,class,"Negativicutes"
327,order,"Acidaminococcales"
328,order,"Selenomonadales"
329,order,"Veillonellales"
330,class,"Thermolithobacteria"
331,order,"Thermolithobacterales"
332,class,"Tissierellia"
333,order,"N.N. (Ezakiella)"
334,order,"Tissierellales"
335,phylum,"Tenericutes"
336,class,"Mollicutes"
337,order,"Acholeplasmatales"
338,order,"Anaeroplasmatales"
339,order,"Entomoplasmatales"
340,order,"Haloplasmatales"
341,order,"Mycoplasmatales"
342,order,"Mycoplasmoidales"
343,superkingdom,"EUKARYOTA"
344,kingdom,"PROTOZOA"
345,subkingdom,"EOZOA"
346,infrakingdom,"EUGLENOZOA"
347,phylum,"Euglenozoa"
348,subphylum,"Euglenoida"
349,infraphylum,"Dipilida"
350,superclass,"Rigimonada"
351,class,"Ploeotarea"
352,order,"Ploeotiida"
353,class,"Stavomonadea"
354,subclass,"Heterostavia"
355,order,"Heterostavida"
356,subclass,"Homostavia"
357,order,"Decastavida"
358,order,"Petalomonadida"
359,superclass,"Spirocuta"
360,class,"Euglenophyceae"
361,subclass,"Euglenophycidae"
362,order,"Euglenida"
363,order,"Eutreptiida"
364,subclass,"Rapazia"
365,order,"Rapazida"
366,class,"Peranemea"
367,subclass,"Acroglissia"
368,order,"Acroglissida"
369,subclass,"Anisonemia"
370,order,"Anisonemida"
371,order,"Natomonadida"
372,subclass,"Peranemia"
373,order,"Peranemida"
374,infraphylum,"Entosiphona"
375,class,"Entosiphonea"
376,order,"Entosiphonida"
377,subphylum,"Glycomonada"
378,class,"Diplonemea"
379,order,"Diplonemida"
380,class,"Kinetoplastea"
381,order,"Bodonida"
382,order,"Prokinetoplastida"
383,order,"Trypanosomatida"
384,subphylum,"Postgaardia"
385,class,"Postgaardea"
386,order,"Bihospitida"
387,order,"Postgaardida"
388,infrakingdom,"EXCAVATA"
389,phylum,"Loukozoa"
390,subphylum,"Eolouka"
391,class,"Jakobea"
392,order,"Jakobida"
393,class,"Tsukubea"
394,order,"Tsukubamonadida"
395,subphylum,"Neolouka"
396,class,"Malawimonadea"
397,order,"Malawimonadida"
398,phylum,"Metamonada"
399,class,"Anaeromonadea"
400,order,"Oxymonadida"
401,order,"Trimastigida"
402,class,"Carpomonadea"
403,order,"Carpediemonadida"
404,order,"Chilomastigida"
405,order,"Dysnectida"
406,class,"Eopharyngea"
407,order,"Diplomonadida"
408,order,"Retortamonadida"
409,class,"Trichomonadea"
410,order,"Cristamonadida"
411,order,"Spirotrichonymphida"
412,order,"Trichomonadida"
413,order,"Tritrichomonadida"
414,class,"Trichonymphea"
415,order,"Lophomonadida"
416,order,"Trichonymphida"
417,phylum,"Percolozoa"
418,subphylum,"Pharyngomonada"
419,class,"Pharyngomonadea"
420,order,"Pharyngomonadida"
421,subphylum,"Tetramitia"
422,class,"Heterolobosea"
423,order,"Acrasida"
424,order,"Schizopyrenida"
425,class,"Lyromonadea"
426,order,"Lyromonadida"
427,class,"Percolatea"
428,order,"Percolomonadida"
429,order,"Pseudociliatida"
430,subkingdom,"SARCOMASTIGOTA"
431,phylum,"Amoebozoa"
432,order,"N.N. (Stereomyxidae)"
433,subphylum,"Conosa"
434,infraphylum,"Archamoebae"
435,class,"Archamoebea"
436,order,"Entamoebida"
437,order,"Mastigamoebida"
438,order,"Pelobiontida"
439,order,"Rhizomastigida"
440,superclass,"Mycetozoa"
s441,class,"Myxomycetes"
441,class,"Myxogastrea "
442,subclass,"Myxogastria"
443,superorder,"Columellidia"
444,order,"Echinosteliida"
445,order,"Fuscisporida"
446,superorder,"Lucisporidia"
447,order,"Liceida"
448,order,"Trichiida"
449,class,"Stelamoeba"
450,subclass,"Dictyostelea"
451,order,"Acytosteliales"
452,order,"Dictyosteliales"
453,subclass,"Exosporeae"
454,order,"Ceratiomyxida"
455,order,"Protosporangida"
456,infraphylum,"Semiconosia"
457,superclass,"Variosia"
458,class,"Variosea"
459,order,"Artodiscida"
460,order,"Holomastigida"
461,order,"Phalansteriida"
462,order,"Protostelida"
463,order,"Ramamoebida"
464,order,"Varipodida"
465,subphylum,"Lobosa"
466,superclass,"Cutosa"
467,class,"Cutosea"
468,order,"Squamocutida"
469,superclass,"Glycopoda"
470,class,"Discosea"
471,order,"Centramoebida"
472,order,"Dermamoebida"
473,order,"Glycostylida"
474,order,"Himatismenida"
475,order,"Thecamoebida"
s476,class,"Lobosea"
476,class,"Tubulinea "
477,subclass,"Echinamoebia"
478,order,"Echinamoebida"
479,subclass,"Leptomyxia"
480,order,"Leptomyxida"
481,subclass,"Neolobosia"
482,superorder,"Eulobosia"
483,order,"Arcellinida"
484,order,"Euamoebida"
485,superorder,"Trichosia"
486,order,"Trichosida"
487,phylum,"Aphelida"
488,class,"Aphelidea"
489,order,"Aphelidida"
490,phylum,"Choanozoa  [with Microsporidia,  Animalia, & Fungi constitutes ""Supergroup Opisthokonta""]"
491,subphylum,"Choanofila"
492,class,"Choanoflagellatea"
493,order,"Acanthoecida"
494,order,"Craspedida"
495,class,"Corallochytrea"
496,order,"Corallochytrida"
497,class,"Filasterea"
498,order,"Ministeriida"
499,class,"Ichthyosporea"
500,order,"Dermocystida"
501,order,"Eccrinida"
502,subphylum,"Paramycia"
503,class,"Cristidiscoidea"
504,order,"Fonticulida"
505,order,"Nucleariida"
506,class,"Rozellidea"
507,order,"Rozellida"
508,phylum,"Microsporidia  [with Choanozoa, Animalia, & Fungi constitutes ""Supergroup Opisthokonta""]"
509,class,"Disporea"
510,order,"N.N. (e.g., Nosema)"
511,class,"Metchnikovellea"
512,order,"Metchnikovellida"
s513,class,"Microsporea"
513,class,"Minisporea "
s514,order,"Minisporea"
514,order,"Minisporida "
515,class,"Pleistophorea"
516,order,"Pleistophorida"
517,phylum,"Sulcozoa"
518,subphylum,"Apusozoa"
519,class,"Breviatea"
520,order,"Breviatida"
521,class,"Thecomonadea"
522,order,"Apusomonadida"
523,subphylum,"Varisulca"
524,class,"Diphyllatea"
525,order,"Diphylleida"
526,class,"Glissodiscea"
527,order,"Mantamonadida"
528,order,"Planomonadida"
529,class,"Hilomonadea"
530,order,"Rigifilida"
531,kingdom,"CHROMISTA"
532,subkingdom,"HACROBIA"
533,phylum,"Cryptista"
534,subphylum,"Corbihelia"
535,superclass,"Corbistoma"
536,class,"Picomonadea"
537,order,"Picomonadida"
538,class,"Telonemea"
539,order,"Telonemida"
540,superclass,"Endohelia"
541,class,"Endohelea"
542,order,"Heliomonadida"
543,order,"Microhelida"
544,subphylum,"Palpitia"
545,class,"Palpitea"
546,order,"Palpitida"
547,subphylum,"Rollomonadia"
548,superclass,"Cryptomonada"
549,class,"Cryptophyceae"
550,order,"Cryptomonadales"
551,order,"Pyrenomonadales"
552,order,"Tetragonidiales"
553,class,"Goniomonadea"
554,order,"Goniomonadida"
555,superclass,"Leucocrypta"
556,class,"Leucocryptea"
557,order,"Kathablepharida"
558,phylum,"Haptista"
559,subphylum,"Alveidia"
560,class,"Alveidea"
561,order,"Alveida"
562,subphylum,"Haptophytina"
s563,class,"Prymnesiophyceae"
563,class,"Coccolithophyceae "
564,order,"Coccolithales"
565,order,"Coccosphaerales"
566,order,"Isochrysidales"
567,order,"Phaeocystales"
568,order,"Prymnesiales"
569,order,"Syracosphaerales"
570,order,"Zygodiscales"
571,class,"Pavlovophyceae"
572,order,"Pavlovales"
573,class,"Rappephyceae"
574,subphylum,"Heliozoa"
575,class,"Centrohelea"
576,order,"Acanthocystida"
577,order,"Pterocystida"
s578,subkingdom,"""Supergroup SAR"""
578,subkingdom,"HAROSA "
579,infrakingdom,"HALVARIA"
580,superphylum,"Alveolata"
581,phylum,"Acavomonidia"
582,class,"Acavomonea"
583,order,"Acavomonida"
584,phylum,"Ciliophora"
585,subphylum,"Intramacronucleata"
586,infraphylum,"Protocruzia"
587,class,"Protocruzea"
588,subclass,"Protocruziidia"
589,order,"Protocruziida"
590,infraphylum,"Spirotrichia"
591,class,"Spirotrichea"
592,subclass,"Choreotrichia"
593,order,"Choreotrichida"
594,order,"Tintinnida"
595,subclass,"Hypotrichia"
596,order,"Euplotida"
597,order,"Kiitrichida"
598,subclass,"Licnophoria"
599,order,"Licnophorida"
600,subclass,"Oligotrichia"
601,order,"Strombidiida"
602,subclass,"Phacodiniidia"
603,order,"Phacodiniida"
604,subclass,"Stichotrichia"
605,order,"Sporadotrichida"
606,order,"Stichotrichida"
607,order,"Urostylida"
608,infraphylum,"Ventrata"
609,class,"Armophorea"
610,order,"Armophorida"
611,order,"Clevelandellida"
612,class,"Colpodea"
613,order,"Bryometopida"
614,order,"Bryophryida"
615,order,"Bursariomorphida"
616,order,"Colpodida"
617,order,"Cyrtolophosidida"
618,order,"Sorogenida"
619,class,"Litostomatea"
620,subclass,"N.N."
621,order,"Helicoprorodontida"
622,subclass,"Haptoria"
623,order,"Cyclotrichiida"
624,order,"Didiniida"
625,order,"Haptorida"
626,order,"Lacrymariida"
627,order,"Pleurostomatida"
628,order,"Spathidiida"
629,subclass,"Rhynchostomatia"
630,order,"Dileptida"
631,order,"Tracheliida"
632,subclass,"Trichostomatia"
633,order,"Entodiniomorphida"
634,order,"Macropodiniida"
635,order,"Vestibuliferida"
636,class,"Nassophorea"
637,order,"Colpodidiida"
638,order,"Microthoracida"
639,order,"Nassulida"
640,order,"Synhymeniida"
641,class,"Oligohymenophorea"
642,subclass,"Apostomatia"
643,order,"Apostomatida"
644,order,"Astomatophorida"
645,order,"Pilisuctorida"
646,subclass,"Astomatia"
647,order,"Astomatida"
648,subclass,"Hymenostomatia"
649,order,"Tetrahymenida"
650,subclass,"Peniculia"
651,order,"Peniculida"
652,order,"Urocentrida"
653,subclass,"Peritrichia"
654,order,"Mobilida"
655,order,"Sessilida"
656,subclass,"Scuticociliatia"
657,order,"Philasterida"
658,order,"Pleuronematida"
659,order,"Thigmotrichida"
660,class,"Phyllopharyngea"
661,subclass,"Chonotrichia"
662,order,"Cryptogemmida"
663,order,"Exogemmiida"
664,subclass,"Cyrtophoria"
665,order,"Chlamydodontida"
666,order,"Dysteriida"
667,subclass,"Rhynchodia"
668,order,"Hypocomatida"
669,order,"Rhynchodida"
670,subclass,"Suctoria"
671,order,"Endogenida"
672,order,"Evaginogenida"
673,order,"Exogenida"
674,class,"Plagiopylea"
675,order,"Odontostomatida"
676,order,"Plagiopylida"
677,class,"Prostomatea"
678,order,"Prorodontida"
679,order,"Prostomatida"
680,subphylum,"Postciliodesmatophora"
681,class,"Heterotrichea"
682,order,"Heterotrichida"
683,class,"Karyorelictea"
684,order,"Loxodida"
685,order,"Protoheterotrichida"
686,order,"Protostomatida"
687,phylum,"Colponemidia"
688,class,"Colponemea"
689,order,"Colponemida"
690,phylum,"Miozoa"
691,subphylum,"Myzozoa"
692,infraphylum,"Apicomplexa"
693,superclass,"Apicomonada"
694,class,"Apicomonadea"
695,subclass,"Myzomonadia"
696,superorder,"Chromovoridia"
697,order,"Algovorida"
698,order,"Chromerida"
699,order,"Voracida"
700,order,"Voromonadida"
701,superorder,"Paraconoidia"
702,order,"Colpodellida"
703,subclass,"Vitrelloidia"
704,order,"Vitrellida"
705,superclass,"Sporozoa"
706,class,"N.N."
707,order,"Blastogregarinida"
708,class,"Coccidiomorphea"
709,subclass,"Coccidia"
710,order,"Adeleida"
711,order,"Eimeriida"
712,order,"Ixorheida"
713,subclass,"Coelotrophia"
s714,order,"Protococcidiida"
714,order,"Coelotrophiida "
715,subclass,"Hematozoa"
716,superorder,"Aconoidia"
717,order,"Nephromycida"
718,order,"Piroplasmida"
719,superorder,"Haemosporidia"
720,order,"Haemosporida"
721,class,"Gregarinomorphea"
722,subclass,"Cryptogregaria"
723,order,"Cryptogregarida (Cryptosporidium)"
724,subclass,"Histogregaria"
725,order,"Histogregarida"
726,subclass,"Orthogregarinia"
727,order,"Arthrogregarida"
728,order,"Vermigregarida"
729,class,"Paragregarea"
730,order,"Archigregarinida"
731,order,"Stenophorida"
732,order,"Velocida"
733,infraphylum,"Dinozoa"
734,superclass,"Dinoflagellata"
735,class,"Dinophyceae"
736,subclass,"N.N."
737,order,"N.N."
738,order,"Actiniscales"
739,order,"Amphilothales"
740,order,"Blastodinales"
741,order,"Brachidiniales"
742,order,"Coccidinales"
743,order,"Desmomastigales"
744,order,"Dinamoebales"
745,order,"Dinotrichales"
746,order,"Haplozoonales"
747,order,"Lophodinales"
748,order,"Phytodiniales"
749,order,"Pyrocystales"
750,order,"Torodiniales"
751,subclass,"Gonyaulacoidia"
752,order,"Gonyaulacales"
753,order,"Gymnodiniales"
754,subclass,"Suessioidia"
755,order,"Suessiales"
756,class,"Myzodinea"
757,order,"Myzodinida"
758,class,"Oxyrrhea"
759,order,"Acrocoelida"
760,order,"Oxyrrhida"
761,superclass,"Dinokaryota"
762,class,"Noctilucea"
763,order,"Noctilucida"
764,class,"Peridinea"
765,subclass,"Dinophysoidia"
766,infraclass,"N.N."
767,order,"Dinophysiales"
768,order,"Nannoceratopsales"
769,order,"Spirodinida"
770,infraclass,"Epidinia"
771,order,"Torodinida"
772,subclass,"Karlodinia"
773,order,"N.N. (e.g. Karlodinium)"
774,subclass,"Peridinoidia"
775,order,"Peridiniales"
776,order,"Prorocentrales"
777,class,"Sulcodinea"
778,order,"Amphidinida"
779,order,"Gyrodinida"
780,superclass,"Perkinsozoa"
781,class,"Perkinsea"
782,order,"Perkinsida"
783,order,"Phagodinida"
784,class,"Squirmidea"
785,order,"Squirmida"
786,superclass,"Syndina"
787,class,"Endodinea"
788,order,"Ichthyodinida"
789,class,"Ellobiopsea"
790,order,"Ellobiopsida"
791,class,"Syndinea"
792,order,"Rastrimonadida"
793,order,"Syndinida"
794,subphylum,"Protalveolata"
795,class,"N.N."
796,order,"Algivorida"
797,order,"Palustrimonadida"
s798,superphylum,"""Supergroup Stramenopiles"""
798,superphylum,"Heterokonta "
799,phylum,"Bigyra"
800,subphylum,"N.N."
801,class,"Platysulcea"
802,order,"N.N. (Platysulcidae)"
803,subphylum,"Opalozoa"
804,infraphylum,"Bikosia"
805,class,"Bikosea"
806,order,"Anoecida"
807,order,"Bicoecida"
808,order,"Borokida"
809,order,"Pseudodendromonadida"
810,order,"Rictida"
811,infraphylum,"Placidozoa"
812,superclass,"Opalinata"
813,class,"Blastocystea"
814,order,"Blastocystida"
815,class,"Opalinea"
816,order,"Opalinida"
817,order,"Proteromonadida"
818,superclass,"Wobblata"
819,class,"Nanomonadea"
820,order,"Uniciliatida"
s821,class,"Placidiophyceae"
821,class,"Placididea "
822,order,"Placidiida"
823,subphylum,"Sagenista"
824,class,"Eogyrea"
825,order,"N.N. (Pseudophyllomitidae)"
826,class,"Labyrinthulea"
827,order,"Labyrinthulida"
828,order,"Thraustochytriida"
829,phylum,"Gyrista"
s830,subphylum,"Heterokontophyta p.p."
830,subphylum,"Ochrophytina "
831,infraphylum,"Chrysista"
832,superclass,"Limnistia"
833,class,"Chrysophyceae"
834,order,"Chloramoebales"
835,order,"Chromulinales"
836,order,"Chrysosphaerales"
837,order,"Heterogloeales"
838,order,"Hibberdiales"
839,order,"Hydrurales"
840,order,"Ochromonadales"
841,order,"Paraphysomonadida"
842,order,"Synurales"
843,order,"Thallochrysidales"
844,class,"Eustigmatophyceae"
845,order,"Eustigmatales"
s846,class,"Picophagea"
846,class,"Picophagophyceae "
847,order,"N.N."
848,order,"Picophagales"
849,order,"Synchromales"
850,superclass,"Fucistia"
851,class,"Chrysomerophyceae"
852,order,"Chrysomeridales"
853,class,"Phaeophyceae"
854,subclass,"Dictophycidae"
855,order,"Dictyotales"
856,order,"Onslowiales"
857,order,"Sphacelariales"
858,order,"Syringodermatales"
859,subclass,"Discosporangiophycidae"
860,order,"Discosporangiales"
861,subclass,"Fucophycidae"
862,order,"Ascoseirales"
863,order,"Asterocladales"
864,order,"Desmarestiales"
865,order,"Ectocarpales"
866,order,"Fucales"
867,order,"Laminariales"
868,order,"Nemodermatales"
869,order,"Phaeosiphoniellales"
870,order,"Ralfsiales"
871,order,"Scytothamnales"
872,order,"Sporochnales"
873,order,"Stschapoviales"
s874,order,"Cutleriales"
874,order,"Tilopteridales "
875,subclass,"Ishigeophycidae"
876,order,"Ishigeales"
s877,class,"Aurophyceae"
877,class,"Phaeothamniophyceae "
878,order,"Aurearenales"
879,order,"Phaeothamniales"
880,class,"Schizocladiophyceae"
881,order,"Schizocladiales"
882,class,"Xanthophyceae"
883,order,"Botrydiales"
884,order,"Mischococcales"
885,order,"Pleurochloridellales"
886,order,"Rhizochloridales"
887,order,"Tribonematales"
888,order,"Vaucheriales"
889,superclass,"Raphidoistia"
890,class,"Raphidophyceae"
891,order,"Actinophryida"
892,order,"Commatiida"
893,order,"Raphidomonadales"
894,infraphylum,"Diatomista"
895,superclass,"Hypogyrista"
s896,class,"Hypogyristea"
896,class,"Dictyochophyceae "
897,order,"Dictyochales"
898,order,"Olisthodiscales"
899,order,"Pedinellales"
900,order,"Pelagomonadales"
901,order,"Rhizochromulinales"
902,order,"Sarcinochrysidales"
903,class,"Pinguiophyceae"
904,order,"Pinguiochrysidales"
905,superclass,"Khakista"
s906,class,"Diatomeae"
906,class,"Bacillariophyceae "
907,subclass,"Bacillariophycidae"
908,order,"Achnanthales"
909,order,"Bacillariales"
910,order,"Cymbellales"
911,order,"Dictyoneidales"
912,order,"Eunotiales"
913,order,"Lyrellales"
914,order,"Mastogloiales"
915,order,"Naviculales"
916,order,"Rhopalodiales"
917,order,"Surirellales"
918,order,"Thalassiophysales"
919,class,"Bolidophyceae"
s920,order,"Bolidomonadales"
920,order,"Parmales "
921,subclass,"Coscinodiscophycidae"
922,order,"Anaulales"
923,order,"Arachnoidiscales"
924,order,"Asterolamprales"
925,order,"Aulacoseirales"
926,order,"Biddulphiales"
927,order,"Chaetocerotales"
928,order,"Chrysanthemodiscales"
929,order,"Corethrales"
930,order,"Coscinodiscales"
931,order,"Cymatosirales"
932,order,"Ethmodiscales"
933,order,"Hemiaulales"
934,order,"Leptocylindrales"
935,order,"Lithodesmiales"
936,order,"Melosirales"
937,order,"Orthoseirales"
938,order,"Paraliales"
939,order,"Rhizosoleniales"
940,order,"Stictocyclales"
941,order,"Stictodiscales"
942,order,"Thalassiosirales"
943,order,"Triceratiales"
944,subclass,"Fragilariophycidae"
945,order,"Ardissoneales"
946,order,"Climacospheniales"
947,order,"Cyclophorales"
948,order,"Fragilariales"
949,order,"Licmophorales"
950,order,"Protoraphidales"
951,order,"Rhabdonematales"
952,order,"Rhaphoneidales"
953,order,"Striatellales"
954,order,"Tabellariales"
955,order,"Thalassionematales"
956,order,"Toxariales"
957,subphylum,"Bigyromonada"
958,class,"Developea"
959,order,"Developayellida"
960,class,"Pirsonea"
961,order,"Pirsoniida"
s962,subphylum,"Oomycota"
962,subphylum,"Pseudofungi "
963,class,"Hyphochytrea"
964,order,"Hyphochytriida"
965,class,"Oomycetes"
966,subclass,"N.N."
967,order,"N.N."
968,subclass,"Eogamia"
969,order,"Anisolpidiales"
970,order,"Haptoglossales"
971,order,"Lagenismatales"
972,order,"Olpidiopsidales"
973,order,"Rozellopsidales"
974,subclass,"Peronosporidae"
975,order,"Peronosporales"
976,order,"Pythiales"
977,order,"Rhipidiales"
978,subclass,"Saprolegniidae"
979,order,"Albuginales"
980,order,"Leptomitales"
981,order,"Salilagenidiales"
982,order,"Saprolegniales"
983,infrakingdom,"RHIZARIA"
984,phylum,"Cercozoa"
985,subphylum,"Monadofilosa"
986,superclass,"Eoglissa"
987,class,"Helkesea"
988,order,"Helkesida"
989,class,"Metromonadea"
990,order,"Metopiida"
991,order,"Metromonadida"
992,superclass,"Ventrifilosa"
993,class,"Imbricatea"
994,subclass,"Krakenia"
995,order,"Krakenida"
996,subclass,"Placonuda"
997,superorder,"Discomonada"
998,order,"Discomonadida"
999,superorder,"Euglyphia"
1000,order,"Euglyphida"
1001,order,"Zoelucasida"
1002,superorder,"Nudisarca"
1003,order,"Marimonadida"
1004,order,"Variglissida"
1005,subclass,"Placoperla"
1006,superorder,"Perlatia"
1007,order,"Perlofilida"
1008,order,"Spongomonadida"
1009,superorder,"Placofila"
1010,order,"Discocelida"
1011,order,"Thaumatomonadida"
1012,class,"Sarcomonadea"
1013,subclass,"Paracercomonada"
1014,order,"Paracercomonadida"
1015,subclass,"Pediglissa"
1016,order,"Cercomonadida"
1017,order,"Glissomonadida"
1018,class,"Thecofilosea"
1019,subclass,"Eothecia"
1020,order,"Cryomonadida"
1021,order,"Ebriida"
1022,order,"Matazida"
1023,subclass,"Phaeodaria"
1024,order,"Eodarida"
1025,order,"Opaloconchida"
1026,subclass,"Tectosia"
1027,order,"Tectofilosida"
1028,subclass,"Ventricleftia"
1029,order,"Ventricleftida"
1030,subphylum,"Reticulofilosa"
1031,class,"Chlorarachnea"
1032,order,"Chlorarachnida"
1033,order,"Minorisida"
1034,class,"Granofilosea"
1035,order,"Axomonadida"
1036,order,"Cryptofilida"
1037,order,"Desmothoracida"
1038,order,"Leucodictyida"
1039,order,"Limnofilida"
1040,class,"Skiomonadea"
1041,order,"Tremulida"
1042,phylum,"Retaria"
1043,subphylum,"Ectoreta"
1044,infraphylum,"Foraminifera"
1045,class,"Monothalamea"
1046,order,"Allogromiida"
1047,order,"Astrorhizida"
1048,order,"Psamminida"
1049,order,"Stannomida"
1050,class,"Globothalamea"
1051,order,"Carterinida"
1052,order,"Globeriginida"
1053,order,"Lagenida"
1054,order,"Lituolida"
1055,order,"Loftusiida"
1056,order,"Robertinida"
1057,order,"Rotaliida"
1058,order,"Testulariida"
1059,order,"Trochamminida"
1060,class,"Tubothalamea"
1061,order,"Miliolida"
1062,order,"Spirillinida"
1063,infraphylum,"Radiozoa"
1064,class,"Acantharea"
1065,order,"Arthracanthida"
1066,order,"Chaunacanthida"
1067,order,"Holacanthida"
1068,order,"Symphyacanthida"
1069,class,"Polycystinea"
1070,order,"Collodarida"
1071,order,"Nassellaria"
1072,order,"Spumellaria"
1073,class,"Sticholonchea"
1074,order,"Taxopodida"
1075,subphylum,"Endomyxa"
1076,superclass,"Marimyxia"
1077,class,"Ascetosporea"
1078,order,"Claustrosporida"
1079,order,"Haplosporida"
1080,order,"Mikrocytida"
1081,order,"Paradinida"
1082,order,"Paramyxida"
1083,class,"Gromiidea"
1084,order,"Gromiida"
1085,order,"Reticulosida"
1086,superclass,"Proteomyxia"
1087,class,"Phytomyxea"
1088,order,"Phagomyxida"
1089,order,"Plasmodiophorida"
1090,class,"Vampyrellidea"
1091,order,"Vampyrellida"
1092,kingdom,"FUNGI"
s1093,subkingdom,"NEOMYCOTA"
1093,subkingdom,"DIKARYA "
1094,phylum,"Ascomycota"
1095,subphylum,"Pezizomycotina"
1096,class,"N.N."
1097,subclass,"N.N."
1098,order,"N.N."
1099,order,"Abrothallales"
1100,order,"Batistiales"
1101,order,"Lahmiales"
1102,order,"Thelocarpales"
1103,order,"Triblidiales"
1104,class,"Arthoniomycetes"
1105,order,"Arthoniales"
1106,order,"Lichenostigmatales"
1107,class,"Coniocybomycetes"
1108,order,"Coniocybales"
1109,class,"Dothideomycetes"
1110,subclass,"N.N."
1111,order,"Acrospermales"
1112,order,"Asterinales"
1113,order,"Bezerromycetales"
1114,order,"Botryosphaeriales"
1115,order,"Cladoriellales"
1116,order,"Dyfrolomycetales"
1117,order,"Hysteriales"
1118,order,"Jahnulales"
1119,order,"Kirschsteiniotheliales"
1120,order,"Lichenoconiales"
1121,order,"Lichenotheliales"
1122,order,"Minutisphaerales"
1123,order,"Murramarangomycetales"
1124,order,"Muyocopronales"
1125,order,"Natipusillales"
1126,order,"Patellariales"
1127,order,"Superstratomycetales"
1128,order,"Tirisporellales"
1129,order,"Tubeufiales"
1130,order,"Valsariales"
1131,subclass,"Dothideomycetidae"
1132,order,"N.N."
1133,order,"Asterotexales"
1134,order,"Capnodiales"
1135,order,"Dothideales"
1136,order,"Eremithallales"
1137,order,"Microthyriales"
1138,order,"Monoblastiales"
1139,order,"Mycosphaerellales"
1140,order,"Myriangiales"
1141,order,"Stigmatodiscales"
1142,order,"Strigulales"
1143,order,"Trypetheliales"
1144,order,"Wiesneriomycetales"
1145,order,"Zeloasperisporiales"
1146,subclass,"Pleosporomycetidae"
1147,order,"Mytilinidiales"
1148,order,"Phaeotrichales"
1149,order,"Pleosporales"
1150,order,"Venturiales"
1151,class,"Eurotiomycetes"
1152,subclass,"N.N."
1153,order,"N.N."
1154,subclass,"Chaetothyriomycetidae"
1155,order,"N.N."
1156,order,"Chaetothyriales"
1157,order,"Collemopsidiales"
1158,order,"Phaeomoniellales"
1159,order,"Pyrenulales"
1160,order,"Verrucariales"
1161,subclass,"Eurotiomycetidae"
1162,order,"N.N."
1163,order,"Arachnomycetales"
1164,order,"Ascosphaerales"
1165,order,"Coryneliales"
1166,order,"Eurotiales"
1167,order,"Onygenales"
1168,subclass,"Mycocaliciomycetidae"
1169,order,"Mycocaliciales"
1170,subclass,"Sclerococcomycetidae"
1171,order,"Sclerococcales"
1172,class,"Laboulbeniomycetes"
1173,subclass,"Laboulbeniomycetidae"
1174,order,"Laboulbeniales"
1175,order,"Pyxidiophorales"
1176,class,"Lecanoromycetes"
1177,subclass,"N.N."
1178,order,"N.N."
1179,subclass,"Acarosporomycetidae"
1180,order,"Acarosporales"
1181,subclass,"Candelariomycetidae"
1182,order,"Candelariales"
1183,subclass,"Lecanoromycetidae"
1184,order,"N.N."
1185,order,"Caliciales"
1186,order,"Lecanorales"
1187,order,"Lecideales"
1188,order,"Leprocaulales"
1189,order,"Peltigerales"
1190,order,"Rhizocarpales"
1191,order,"Teloschistales"
1192,subclass,"Ostropomycetidae"
1193,order,"N.N."
1194,order,"Agyriales"
1195,order,"Arctomiales"
1196,order,"Baeomycetales"
1197,order,"Hymeneliales"
1198,order,"Ostropales"
1199,order,"Pertusariales"
1200,order,"Sarrameanales"
1201,order,"Trapeliales"
1202,subclass,"Umbilicariomycetidae"
1203,order,"Umbilicariales"
1204,class,"Leotiomycetes"
1205,subclass,"N.N."
1206,order,"Chaetomellales"
1207,order,"Lauriomycetales"
1208,order,"Medeolariales"
1209,order,"Vezdaeales"
1210,subclass,"Leotiomycetidae"
1211,order,"Cyttariales"
1212,order,"Erysiphales"
1213,order,"Geoglossales"
1214,order,"Helotiales"
1215,order,"Leotiales"
1216,order,"Phacidiales"
1217,order,"Rhytismatales"
1218,order,"Thelebolales"
1219,class,"Lichinomycetes"
1220,subclass,"Lichinomycetidae"
1221,order,"Lichinales"
1222,class,"Orbiliomycetes"
1223,subclass,"Orbiliomycetidae"
1224,order,"Orbiliales"
1225,class,"Pezizomycetes"
1226,subclass,"N.N."
1227,order,"N.N."
1228,subclass,"Pezizomycetidae"
1229,order,"Pezizales"
1230,class,"Sordariomycetes"
1231,subclass,"N.N."
1232,order,"N.N."
1233,order,"Amplistromatales"
1234,order,"Myrmecridiales"
1235,order,"Pararamichloridiales"
1236,order,"Parasympodiellales"
1237,order,"Phomatosporales"
1238,order,"Pisorisporiales"
1239,order,"Pseudodactylariales"
1240,order,"Spathulosporales"
1241,order,"Vermiculariopsiellales"
1242,subclass,"Diaporthomycetidae"
1243,order,"Annulatascales"
1244,order,"Atractosporales"
1245,order,"Calosphaeriales"
1246,order,"Coniochaetales"
1247,order,"Cordanales"
1248,order,"Diaporthales"
1249,order,"Jobellisiales"
1250,order,"Magnaporthales"
1251,order,"Ophiostomatales"
1252,order,"Togniniales"
1253,order,"Trichosphaeriales"
1254,subclass,"Hypocreomycetidae"
1255,order,"N.N."
1256,order,"Coronophorales"
1257,order,"Falcocladiales"
1258,order,"Fuscosporellales"
1259,order,"Glomerellales"
1260,order,"Halosphaeriales"
1261,order,"Hypocreales"
1262,order,"Melanosporales"
1263,order,"Microascales"
1264,order,"Savoryellales"
1265,order,"Torpedosporales"
1266,subclass,"Lulworthiomycetidae"
1267,order,"Koralionastetales"
1268,order,"Lulworthiales"
1269,subclass,"Meliolomycetidae"
1270,order,"Meliolales"
1271,subclass,"Sordariomycetidae"
1272,order,"N.N."
1273,order,"Boliniales"
1274,order,"Chaetosphaeriales"
1275,order,"Conioscyphales"
1276,order,"Paradiplococciales"
1277,order,"Phyllachorales"
1278,order,"Pleurotheciales"
1279,order,"Sordariales"
1280,order,"Xenospadicoidales"
1281,subclass,"Xylariomycetidae"
1282,order,"Amphisphaeriales"
1283,order,"Delonicicolales"
1284,order,"Xylariales"
1285,class,"Xylobotryomycetes"
1286,order,"Xylobotryales"
1287,class,"Xylonomycetes"
1288,order,"Symbiotaphrinales"
1289,order,"Xylonales"
1290,subphylum,"Saccharomycotina"
1291,class,"N.N."
1292,order,"N.N."
1293,class,"Saccharomycetes"
1294,subclass,"N.N."
1295,order,"N.N."
1296,subclass,"Saccharomycetidae"
1297,order,"N.N."
1298,order,"Saccharomycetales"
1299,subphylum,"Taphrinomycotina"
1300,class,"Archaeorhizomycetes"
1301,order,"Archaeorhizomycetales"
1302,class,"Neolectomycetes"
1303,subclass,"Neolectomycetidae"
1304,order,"Neolectales"
1305,class,"Pneumocystomycetes"
1306,subclass,"Pneumocystomycetidae"
1307,order,"Pneumocystales"
1308,class,"Schizosaccharomycetes"
1309,subclass,"Schizosaccharomycetidae"
1310,order,"Schizosaccharomycetales"
1311,class,"Taphrinomycetes"
1312,subclass,"Taphrinomycetidae"
1313,order,"Taphrinales"
1314,phylum,"Basidiomycota"
1315,subphylum,"N.N."
1316,class,"N.N."
1317,order,"N.N."
1318,class,"Entorrhizomycetes"
1319,subclass,"Entorrhizomycetidae"
1320,order,"Entorrhizales"
1321,order,"Talbotiomycetales"
1322,class,"Geminibasidiomycetes"
1323,order,"Geminibasidiales"
1324,class,"Wallemiomycetes"
1325,order,"Wallemiales"
1326,subphylum,"Agaricomycotina"
1327,class,"N.N."
1328,order,"N.N."
1329,class,"Agaricomycetes"
1330,subclass,"N.N."
1331,order,"N.N."
1332,order,"Auriculariales"
1333,order,"Cantharellales"
1334,order,"Corticiales"
1335,order,"Gloeophyllales"
1336,order,"Hymenochaetales"
1337,order,"Lepidostromatales"
1338,order,"Polyporales"
1339,order,"Russulales"
1340,order,"Sebacinales"
1341,order,"Stereopsidales"
1342,order,"Thelephorales"
1343,order,"Trechisporales"
1344,order,"Tremellodendropsidales"
1345,subclass,"Agaricomycetidae"
1346,order,"N.N."
1347,order,"Agaricales"
1348,order,"Amylocorticiales"
1349,order,"Atheliales"
1350,order,"Boletales"
1351,order,"Jaapiales"
1352,subclass,"Phallomycetidae"
1353,order,"N.N."
1354,order,"Geastrales"
1355,order,"Gomphales"
1356,order,"Hysterangiales"
1357,order,"Phallales"
1358,class,"Bartheletiomycetes"
1359,order,"Bartheletiales"
1360,class,"Dacrymycetes"
1361,order,"Dacrymycetales"
1362,order,"Unilacrymales"
1363,class,"Tremellomycetes"
1364,order,"N.N."
1365,order,"Cystofilobasidiales"
1366,order,"Filobasidiales"
1367,order,"Moniliellales"
1368,order,"Tremellales"
1369,order,"Trichosporonales"
1370,subphylum,"Pucciniomycotina"
1371,class,"N.N."
1372,class,"Agaricostilbomycetes"
1373,order,"Agaricostilbales"
1374,order,"Spiculogloeales"
1375,class,"Atractiellomycetes"
1376,order,"Atractiellales"
1377,class,"Classiculomycetes"
1378,order,"Classiculales"
1379,class,"Cryptomycocolacomycetes"
1380,order,"Cryptomycocolacales"
1381,class,"Cystobasidiomycetes"
1382,order,"N.N."
1383,order,"Cyphobasidiales"
1384,order,"Cystobasidiales"
1385,order,"Erythrobasidiales"
1386,order,"Naohideales"
1387,class,"Microbotryomycetes"
1388,order,"Heterogastridiales"
1389,order,"Holtermanniales"
1390,order,"Kriegeriales"
1391,order,"Leucosporidiales"
1392,order,"Microbotryales"
1393,order,"Sporidiobolales"
1394,class,"Mixiomycetes"
1395,order,"Mixiales"
1396,class,"Pucciniomycetes"
1397,order,"N.N."
1398,order,"Helicobasidiales"
1399,order,"Pachnocybales"
1400,order,"Platygloeales"
1401,order,"Pucciniales"
1402,order,"Septobasidiales"
1403,class,"Tritirachiomycetes"
1404,order,"Tritirachiales"
1405,subphylum,"Ustilaginomycotina"
1406,class,"N.N."
1407,order,"Malasseziales"
1408,class,"Exobasidiomycetes"
1409,subclass,"Exobasidiomycetidae"
1410,order,"Ceraceosorales"
1411,order,"Doassansiales"
1412,order,"Entylomatales"
1413,order,"Exobasidiales"
1414,order,"Georgefischeriales"
1415,order,"Golubeviales"
1416,order,"Microstromatales"
1417,order,"Robbauerales"
1418,order,"Tilletiales"
1419,class,"Ustilaginomycetes"
1420,subclass,"N.N."
1421,order,"Uleiellales"
1422,order,"Urocystidales"
1423,order,"Violaceomycetales"
1424,subclass,"Ustilaginomycetidae"
1425,order,"Ustilaginales"
1426,subkingdom,"EOMYCOTA"
1427,phylum,"Chytridiomycota"
s1428,class,"Allomycetes"
1428,class,"Blastocladiomycetes "
1429,order,"Blastocladiales"
1430,order,"Physodermatales"
1431,class,"Chytridiomycetes"
s1432,subclass,"Rumpomycetidae"
1432,subclass,"Chytridiomycetidae "
1433,order,"N.N."
1434,order,"Chytridiales"
1435,order,"Cladochytriales"
1436,order,"Gromochytriales"
1437,order,"Lobulomycetales"
1438,order,"Nephridiophagales"
1439,order,"Olpidiales"
1440,order,"Polychytriales"
1441,order,"Rhizophlyctidales"
1442,order,"Rhizophydiales"
1443,order,"Spizellomycetales"
1444,class,"Monoblepharidomycetes"
1445,order,"Monoblepharidales"
1446,class,"Neocallimastigomycetes"
1447,order,"Neocallimastigales"
1448,class,"Sanchytriomycetes"
1449,order,"Sanchytriales"
1450,phylum,"Glomeromycota"
s1451,class,"Glomomycetes"
1451,class,"Glomeromycetes "
1452,order,"Archaeosporales"
1453,order,"Diversisporales"
1454,order,"Glomerales"
1455,order,"Paraglomerales"
1456,phylum,"Zygomycota"
1457,subphylum,"N.N."
1458,class,"N.N."
1459,order,"N.N."
1460,order,"Basidiobolales"
1461,subphylum,"Entomophthoromycotina"
1462,class,"Entomophthoromycetes"
1463,order,"Entomophthorales"
1464,subphylum,"Kickxellomycotina"
1465,class,"Kickxellomycetes"
1466,order,"N.N."
1467,order,"Asellariales"
1468,order,"Dimargaritales"
1469,order,"Harpellales"
1470,order,"Kickxellales"
1471,order,"Orphellales"
1472,subphylum,"Mortierellomycotina"
1473,class,"Mortierellomycetes"
1474,order,"Mortierellales"
1475,subphylum,"Mucoromycotina"
1476,class,"Mucoromycetes"
1477,order,"N.N."
1478,order,"Calcarisporiellales"
1479,order,"Endogonales"
1480,order,"Mucorales"
1481,order,"Umbelopsidales"
1482,subphylum,"Zoopagomycotina"
1483,class,"Zoopagomycetes"
1484,order,"Zoopagales"
1485,kingdom,"PLANTAE"
1486,subkingdom,"BILIPHYTA"
1487,phylum,"Glaucophyta"
1488,class,"Glaucophyceae"
1489,order,"Glaucocystales"
1490,phylum,"Rhodophyta"
1491,subphylum,"Cyanidiophytina"
1492,class,"Cyanidiophyceae"
1493,order,"Cyanidiales"
1494,subphylum,"Eurhodophytina"
1495,class,"Bangiophyceae"
1496,subclass,"Bangiophycidae"
1497,order,"Bangiales"
1498,order,"Goniotrichales"
1499,class,"Florideophyceae"
1500,subclass,"N.N."
1501,order,"Rhodachlyales"
1502,subclass,"Ahnfeltiophycidae"
1503,order,"Ahnfeltiales"
1504,order,"Pihiellales"
1505,subclass,"Corallinophycidae"
1506,order,"Corallinales"
1507,order,"Hapalidiales"
1508,order,"Rhodogorgonales"
1509,order,"Sporolithales"
1510,subclass,"Hildenbrandiophyceae"
1511,order,"Hildenbrandiales"
1512,subclass,"Nemaliophycidae"
1513,order,"Acrochaetiales"
1514,order,"Balbianiales"
1515,order,"Balliales"
1516,order,"Batrachospermales"
1517,order,"Colaconematales"
1518,order,"Corynodactylales"
1519,order,"Entwisleiales"
1520,order,"Nemaliales"
1521,order,"Palmariales"
1522,order,"Thoreales"
1523,subclass,"Rhodymeniophycidae"
1524,order,"Acrosymphytales"
1525,order,"Atractophorales"
1526,order,"Bonnemaisoniales"
1527,order,"Catenellopsidales"
1528,order,"Ceramiales"
1529,order,"Gelidiales"
1530,order,"Gigartinales"
1531,order,"Gracilariales"
1532,order,"Halymeniales"
1533,order,"Nemastomatales"
1534,order,"Peyssonneliales"
1535,order,"Plocamiales"
1536,order,"Rhodymeniales"
1537,order,"Sebdeniales"
1538,subphylum,"Metarhodophytina"
1539,class,"Compsopogonophyceae"
1540,order,"Compsopogonales"
1541,order,"Erythropeltidales"
1542,order,"Rhodochaetales"
1543,subphylum,"Rhodellophytina"
1544,class,"Porphyridiophyceae"
1545,order,"Porphyridiales"
1546,class,"Rhodellophyceae"
1547,order,"Dixoniellales"
1548,order,"Glaucosphaerales"
1549,order,"Rhodellales"
1550,class,"Stylonematophyceae"
1551,order,"Rufusiales"
1552,order,"Stylonematales"
1553,subkingdom,"VIRIDIPLANTAE"
1554,infrakingdom,"CHLOROPHYTA"
1555,phylum,"Chlorophyta"
1556,subphylum,"Chlorophytina"
1557,class,"Chlorodendrophyceae"
1558,order,"Chlorodendrales"
1559,class,"Chlorophyceae"
1560,order,"N.N. (e.g., Chlorangiopsidaceae) "
1561,order,"Chaetopeltidales"
1562,order,"Chaetophorales"
s1563,order,"Volvocales"
1563,order,"Chlamydomonadales "
1564,order,"Oedogoniales"
1565,order,"Sphaeropleales"
1566,class,"Pedinophyceae"
1567,order,"Marsupiomonadales"
1568,order,"Pedinomonadales"
1569,order,"Scourfieldiales"
1570,class,"Trebouxiophyceae"
1571,order,"N.N. (e.g., Ankistrodesmopsis)"
1572,order,"Chlorellales"
1573,order,"Microthamniales"
1574,order,"Phyllosiphonales"
1575,order,"Prasiolales"
1576,order,"Trebouxiales"
1577,class,"Ulvophyceae"
1578,order,"N.N. (e.g., Blastophysa)"
1579,order,"Bryopsidales"
1580,order,"Cladophorales"
1581,order,"Dasycladales"
1582,order,"Oltmansiellopsidales"
1583,order,"Scotinosphaerales"
1584,order,"Trentepohliales"
1585,order,"Ulotrichales"
1586,order,"Ulvales"
1587,subphylum,"Prasinophytina"
1588,class,"Mamiellophyceae"
1589,order,"Dolichomastigales"
1590,order,"Mamiellales"
1591,order,"Monomastigales"
s1592,class,"Nephroselmidophyceae"
1592,class,"Nephrophyceae "
1593,order,"Nephroselmidales"
1594,class,"Palmophyllophyceae"
1595,order,"Palmophyllales"
1596,order,"Prasinococcales"
1597,class,"Pyramimonadophyceae"
1598,order,"N.N. (Pterosphaeridiaceae)"
1599,order,"Pseudoscourfieldiales"
1600,order,"Pyramimonadales"
1601,infrakingdom,"STREPTOPHYTA"
1602,superphylum,"Charophyta"
1603,phylum,"Charophyta"
1604,class,"Charophyceae"
1605,order,"Charales"
1606,class,"Chlorokybophyceae"
1607,order,"Chlorokybales"
1608,class,"Coleochaetophyceae"
1609,order,"Chaetosphaeridiales"
1610,order,"Coleochaetales"
s1611,class,"Zygnematophyceae"
1611,class,"Conjugatophyceae "
1612,order,"Desmidiales"
1613,order,"Zygnematales"
1614,class,"Klebsormidiophyceae"
1615,order,"Klebsormidiales"
1616,class,"Mesostigmatophyceae"
1617,order,"Mesostigmatales"
1618,superphylum,"Embryophyta"
1619,phylum,"Anthocerotophyta"
1620,subphylum,"Anthocerophytina"
1621,class,"Anthocerotopsida"
1622,subclass,"Anthocerotidae"
1623,order,"Anthocerotales"
1624,subclass,"Dendrocerotidae"
1625,order,"Dendrocerotales"
1626,order,"Phymatocerales"
1627,subclass,"Notothylatidae"
1628,order,"Notothyladales"
1629,class,"Leiosporocerotopsida"
1630,order,"Leiosporocerotales"
1631,phylum,"Bryophyta"
1632,subphylum,"Andreaeophytina"
1633,class,"Andreaeobryopsida"
1634,order,"Andreaeobryales"
1635,class,"Andreaeopsida"
1636,order,"Andreaeales"
1637,subphylum,"Bryophytina"
1638,class,"Bryopsida"
1639,subclass,"Bryidae"
1640,order,"Bartramiales"
1641,order,"Bryales"
1642,order,"Hedwigiales"
1643,order,"Hookeriales"
1644,order,"Hypnales"
1645,order,"Hypnodendrales"
1646,order,"Orthotrichales"
1647,order,"Ptychomniales"
1648,order,"Rhizogoniales"
1649,order,"Splachnales"
1650,subclass,"Buxbaumiidae"
1651,order,"Buxbaumiales"
1652,subclass,"Dicranidae"
1653,order,"Archidiales"
1654,order,"Bryoxiphiales"
1655,order,"Dicranales"
1656,order,"Grimmiales"
1657,order,"Pottiales"
1658,order,"Scouleriales"
1659,subclass,"Diphysciidae"
1660,order,"Diphysciales"
1661,subclass,"Funariidae"
1662,order,"Encalyptales"
1663,order,"Funariales"
1664,order,"Gigaspermales"
1665,subclass,"Timmiidae"
1666,order,"Timmiales"
1667,class,"Oedipodiopsida"
1668,order,"Oedipodiales"
1669,class,"Polytrichopsida"
1670,order,"Polytrichales"
1671,class,"Tetraphidopsida"
1672,order,"Tetraphidales"
1673,subphylum,"Sphagnophytina"
1674,class,"Sphagnopsida"
1675,order,"Ambuchananiales"
1676,order,"Sphagnales"
1677,subphylum,"Takakiophytina"
1678,class,"Takakiopsida"
1679,order,"Takakiales"
1680,phylum,"Marchantiophyta"
1681,class,"Haplomitriopsida"
1682,subclass,"Haplomitriidae"
1683,order,"Calobryales"
1684,subclass,"Treubiidae"
1685,order,"Treubiales"
1686,class,"Jungermanniopsida"
1687,subclass,"Jungermanniidae"
1688,order,"Jungermanniales"
1689,order,"Porellales"
1690,order,"Ptilidiales"
1691,subclass,"Metzgeriidae"
1692,order,"Metzgeriales"
1693,order,"Pleuroziales"
1694,subclass,"Pelliidae"
1695,order,"Fossombroniales"
1696,order,"Pallaviciniales"
1697,order,"Pelliales"
1698,class,"Marchantiopsida"
1699,subclass,"Blasiidae"
1700,order,"Blasiales"
1701,subclass,"Marchantiidae"
1702,order,"Lunulariales"
1703,order,"Marchantiales"
1704,order,"Neohodgsoniales"
1705,order,"Sphaerocarpales"
1706,phylum,"Tracheophyta"
1707,subphylum,"Lycopodiophytina"
1708,class,"Lycopodiopsida"
1709,subclass,"Lycopodiidae"
1710,order,"Isoetales"
1711,order,"Lycopodiales"
1712,order,"Selaginellales"
1713,subphylum,"Polypodiophytina"
1714,class,"Polypodiopsida"
1715,subclass,"Equisetidae"
1716,order,"Equisetales"
1717,subclass,"Marattiidae"
1718,order,"Marattiales"
s1719,subclass,"Psilotidae"
1719,subclass,"Ophioglossidae "
1720,order,"Ophioglossales"
1721,order,"Psilotales"
1722,subclass,"Polypodiidae"
1723,order,"Cyatheales"
1724,order,"Gleicheniales"
1725,order,"Hymenophyllales"
1726,order,"Osmundales"
1727,order,"Polypodiales"
1728,order,"Salviniales"
1729,order,"Schizaeales"
1730,subphylum,"Spermatophytina"
1731,superclass,"“Angiospermae”"
1732,class,"Magnoliopsida"
1733,superorder,"N.N."
1734,order,"Icanilales"
1735,order,"Metteniusales"
1736,order,"Vahliales"
1737,superorder,"Amborellanae"
1738,order,"Amborellales"
1739,superorder,"Asteranae"
1740,order,"Apiales"
1741,order,"Aquifoliales"
1742,order,"Asterales"
1743,order,"Boraginales"
1744,order,"Bruniales"
1745,order,"Cornales"
1746,order,"Dipsacales"
1747,order,"Ericales"
1748,order,"Escalloniales"
1749,order,"Garryales"
1750,order,"Gentianales"
1751,order,"Lamiales"
1752,order,"Paracryphiales"
1753,order,"Solanales"
1754,superorder,"Austrobaileyanae"
1755,order,"Austrobaileyales"
1756,superorder,"Berberidopsidanae"
1757,order,"Berberidopsidales"
1758,superorder,"Buxanae"
1759,order,"Buxales"
1760,superorder,"Caryophyllanae"
1761,order,"Caryophyllales"
1762,superorder,"Ceratophyllanae"
1763,order,"Ceratophyllales"
1764,superorder,"Dillenianae"
1765,order,"Dilleniales"
s1766,superorder,"Monocotyledones"
1766,superorder,"Lilianae "
1767,order,"Acorales"
1768,order,"Alismatales"
1769,order,"Arecales"
1770,order,"Asparagales"
1771,order,"Commelinales"
1772,order,"Dioscoreales"
1773,order,"Liliales"
1774,order,"Pandanales"
1775,order,"Petrosaviales"
1776,order,"Poales"
1777,order,"Zingiberales"
1778,superorder,"Magnolianae"
1779,order,"Canellales"
1780,order,"Chloranthales"
1781,order,"Laurales"
1782,order,"Magnoliales"
1783,order,"Piperales"
1784,superorder,"Myrothamnanae"
1785,order,"Gunnerales"
1786,superorder,"Nymphaeanae"
1787,order,"Nymphaeales"
1788,superorder,"Proteanae"
1789,order,"Proteales"
1790,superorder,"Ranunculanae"
1791,order,"Ranunculales"
1792,superorder,"Rosanae"
1793,order,"Brassicales"
1794,order,"Celastrales"
1795,order,"Crossosomatales"
1796,order,"Cucurbitales"
1797,order,"Fabales"
1798,order,"Fagales"
1799,order,"Geraniales"
1800,order,"Huerteales"
1801,order,"Malpighiales"
1802,order,"Malvales"
1803,order,"Myrtales"
1804,order,"Oxalidales"
1805,order,"Picramniales"
1806,order,"Rosales"
1807,order,"Sapindales"
1808,order,"Vitales"
1809,order,"Zygophyllales"
1810,superorder,"Santalanae"
1811,order,"Santalales"
1812,superorder,"Saxifraganae"
1813,order,"Saxifragales"
1814,superorder,"Trochodendranae"
1815,order,"Trochodendrales"
1816,superclass,"“Gymnospermae”"
1817,class,"Cycadopsida"
1818,subclass,"Cycadidae"
1819,order,"Cycadales"
1820,class,"Ginkgoopsida"
1821,subclass,"Ginkgooidae"
1822,order,"Ginkgoales"
1823,class,"Gnetopsida"
1824,subclass,"Gnetidae"
1825,order,"Gnetales"
1826,class,"Pinopsida"
1827,subclass,"Pinidae"
1828,order,"Pinales"
1829,order,"Cupressales"
1830,kingdom,"ANIMALIA"
1831,subkingdom,"N.N."
1832,phylum,"Cnidaria"
1833,subphylum,"Anthozoa"
1834,class,"Anthozoa"
1835,subclass,"Hexacorallia"
1836,order,"Actiniaria"
1837,order,"Antipatharia"
1838,order,"Ceriantharia"
1839,order,"Corallimorpharia"
1840,order,"Scleractinia"
s1841,order,"Zoanthidea"
1841,order,"Zoantharia "
1842,subclass,"Octocorallia"
1843,order,"Alcyonacea"
1844,order,"Helioporacea"
1845,order,"Pennatulacea"
1846,subphylum,"Medusozoa"
1847,class,"Cubozoa"
1848,order,"Carybdeida"
1849,order,"Chirodropida"
1850,class,"Hydrozoa"
1851,subclass,"Hydroidolina"
1852,order,"Anthoathecata"
1853,order,"Leptothecata"
1854,order,"Siphonophorae"
1855,subclass,"Trachylina"
1856,order,"Actinulida"
1857,order,"Limnomedusae"
1858,order,"Narcomedusae"
1859,order,"Trachymedusae"
1860,class,"Polypodiozoa"
1861,order,"Polypodiidea"
1862,class,"Scyphozoa"
1863,subclass,"N.N."
1864,order,"Coronatae"
1865,subclass,"Discomedusae"
1866,order,"Rhizostomeae"
1867,order,"Semaeostomeae"
1868,class,"Staurozoa"
1869,order,"Stauromedusae"
1870,subphylum,"Myxozoa"
1871,class,"Malacosporea"
1872,order,"Malacovalvulida"
1873,class,"Myxosporea"
1874,order,"Bivalvulida"
1875,order,"Multivalvulida"
1876,phylum,"Ctenophora"
1877,order,"Beroida"
1878,order,"Cambojiida"
1879,order,"Cestida"
1880,order,"Cryptolobiferida"
1881,order,"Cydippida"
1882,order,"Ganeshida"
1883,order,"Lobata"
1884,order,"Platyctenida"
1885,order,"Thalassocalycida"
1886,phylum,"Placozoa"
1887,class,"Placozoa"
1888,order,"N.N. (Tricoplax)"
1889,phylum,"Porifera"
1890,class,"Calcarea"
1891,subclass,"Calcaronea"
1892,order,"Baerida"
1893,order,"Leucosolenida"
1894,order,"Lithonida"
1895,subclass,"Calcinea"
1896,order,"Clathrinida"
1897,order,"Murrayonida"
1898,class,"Demospongiae"
1899,subclass,"N.N. (Myceliospongia)"
1900,subclass,"Heteroscleromorpha"
1901,order,"N.N."
1902,order,"Agelasida"
1903,order,"Axinellida"
1904,order,"Biemnida"
1905,order,"Bubarida"
1906,order,"Clionaida"
1907,order,"Desmacellida"
1908,order,"Haplosclerida"
1909,order,"Merliida"
1910,order,"Poecilosclerida"
1911,order,"Polymastiida"
1912,order,"Scopalinida"
1913,order,"Sphaerocladina"
1914,order,"Spongillida"
1915,order,"Suberitida"
1916,order,"Tethyida"
1917,order,"Tetractinellida"
1918,order,"Trachycladida"
1919,subclass,"Keratosa"
1920,order,"Desmacellida"
1921,order,"Dendroceratida"
1922,order,"Dictyoceratida"
1923,subclass,"Verongimorpha"
1924,order,"Chondrillida"
1925,order,"Chondrosiida"
1926,order,"Verongida"
1927,class,"Hexactinellida"
1928,subclass,"Amphidiscophora"
1929,order,"Amphidiscosida"
1930,subclass,"Hexasterophora"
1931,order,"Aulocalycoida"
1932,order,"Fieldingida"
1933,order,"Hexactinosida"
1934,order,"Lychniscosida"
1935,order,"Lyssacinosida"
1936,class,"Homoscleromorpha"
1937,order,"Homosclerophorida"
1938,subkingdom,"BILATERIA"
1939,infrakingdom,"N.N."
1940,phylum,"Xenacoelomorpha"
1941,subphylum,"Acoelomorpha"
1942,class,"Acoela"
1943,order,"N.N. (e.g., Diopisthoporidae)"
1944,class,"Nemertodermatida"
1945,order,"N.N. (e.g., Nemertodermatidae)"
1946,subphylum,"Xenoturbellida"
1947,order,"N.N. (Xenoturbellidae)"
1948,infrakingdom,"PROTOSTOMIA"
1949,superphylum,"N.N."
1950,phylum,"Chaetognatha"
1951,class,"Sagittoidea"
1952,order,"Aphragmophora"
1953,order,"Phragmophora"
1954,phylum,"Rhombozoa"
1955,order,"Heterocyemida"
1956,superphylum,"Ecdysozoa"
1957,phylum,"Arthropoda"
1958,subphylum,"Chelicerata"
1959,class,"Euchelicerata"
1960,subclass,"Arachnida"
1961,superorder,"N.N."
1962,order,"Amblypygi"
1963,order,"Araneae"
1964,order,"Opiliones"
1965,order,"Palpigradi"
1966,order,"Pseudoscorpiones"
1967,order,"Ricinulei"
1968,order,"Schizomida"
1969,order,"Scorpiones"
1970,order,"Solifugae"
1971,order,"Uropygi"
1972,superorder,"Acariformes"
1973,order,"Sarcoptiformes"
1974,order,"Trombidiformes"
1975,superorder,"Parasitiformes"
1976,order,"Holothyrida"
1977,order,"Ixodida"
1978,order,"Mesostigmata"
1979,superorder,"Opilioacariformes"
1980,order,"Opilioacarida"
1981,subclass,"Xiphosura"
1982,order,"Xiphosurida"
1983,class,"Pycnogonida"
1984,order,"Pantopoda"
1985,subphylum,"Crustacea"
1986,class,"Branchiopoda"
1987,order,"Anostraca"
1988,order,"Diplostraca"
1989,order,"Notostraca"
1990,class,"Cephalocarida"
1991,order,"Brachypoda"
1992,class,"Malacostraca"
1993,subclass,"Eumalacostraca"
1994,superorder,"Eucarida"
1995,order,"Amphionidacea"
1996,order,"Decapoda"
1997,order,"Euphausiacea"
1998,superorder,"Peracarida"
1999,order,"Amphipoda"
2000,order,"Bochusacea"
2001,order,"Cumacea"
2002,order,"Ingolfiellida"
2003,order,"Isopoda"
2004,order,"Lophogastrida"
2005,order,"Mictacea"
2006,order,"Mysida"
2007,order,"Spelaeogriphacea"
2008,order,"Tanaidacea"
2009,order,"Thermosbaenacea"
2010,superorder,"Syncarida"
2011,order,"Anaspidacea"
2012,order,"Bathynellacea"
2013,subclass,"Hoplocarida"
2014,order,"Stomatopoda"
2015,subclass,"Phyllocarida"
2016,order,"Leptostraca"
2017,class,"Maxillopoda"
2018,subclass,"Branchiura"
2019,order,"Arguloida"
2020,subclass,"Copepoda"
2021,infraclass,"Neocopepoda"
2022,superorder,"Gymnoplea"
2023,order,"Calanoida"
2024,superorder,"Podoplea"
2025,order,"Canuelloida"
2026,order,"Cyclopoida"
2027,order,"Gelyelloida"
2028,order,"Harpacticoida"
2029,order,"Misophrioida"
2030,order,"Monstrilloida"
2031,order,"Mormonilloida"
2032,order,"Poecilostomatoida"
2033,order,"Siphonostomatoida"
2034,infraclass,"Progymnoplea"
2035,order,"Platycopioida"
2036,subclass,"Mystacocarida"
2037,order,"Mystacocaridida"
2038,subclass,"Pentastomida"
2039,order,"Cephalobaenida"
2040,order,"Porocephalida"
2041,subclass,"Tantulocarida"
2042,order,"N.N. (e.g., Basipodellidae) "
2043,subclass,"Thecostraca"
2044,infraclass,"Ascothoracida"
2045,order,"Dendrogastrida"
2046,order,"Laurida"
2047,infraclass,"Cirripedia"
2048,superorder,"Acrothoracica"
2049,order,"Cryptophialida"
2050,order,"Lithoglyptida"
2051,superorder,"Rhizocephala"
2052,order,"Akentrogonida"
2053,order,"Kentrogonida"
2054,superorder,"Thoracica"
2055,order,"Ibliformes"
2056,order,"Lepadiformes"
2057,order,"Scalpelliformes"
2058,order,"Sessilia"
2059,infraclass,"Facetotecta"
2060,order,"N.N. (Hansenocaris)"
2061,class,"Ostracoda"
2062,subclass,"Myodocopa"
2063,order,"Halocyprida"
2064,order,"Myodocopida"
2065,subclass,"Podocopa"
2066,order,"Paleocopida"
2067,order,"Platycopida"
2068,order,"Podocopida"
2069,class,"Remipedia"
2070,order,"Nectiopoda"
2071,subphylum,"Hexapoda"
2072,class,"Collembola"
2073,order,"Entomobryomorpha"
2074,order,"Neelipleona"
2075,order,"Poduromorpha"
2076,order,"Symphypleona"
2077,class,"Diplura"
2078,order,"N.N. (e.g., Japygidae)"
2079,class,"Insecta"
2080,subclass,"Archaeognatha"
2081,order,"Archaeognatha"
2082,subclass,"Dicondylia"
2083,order,"Zygentoma"
2084,subclass,"Pterygota"
2085,infraclass,"Neoptera"
2086,superorder,"Holometabola"
2087,order,"Coleoptera"
2088,order,"Diptera"
2089,order,"Hymenoptera"
2090,order,"Lepidoptera"
2091,order,"Mecoptera"
2092,order,"Megaloptera"
2093,order,"Neuroptera"
2094,order,"Raphidioptera"
2095,order,"Siphonaptera"
2096,order,"Strepsiptera"
2097,order,"Trichoptera"
2098,superorder,"Paraneoptera"
2099,order,"Hemiptera"
2100,order,"Psocodea"
2101,order,"Thysanoptera"
2102,superorder,"Polyneoptera"
2103,order,"Blattodea"
2104,order,"Dermaptera"
2105,order,"Embioptera"
2106,order,"Grylloblattodea"
2107,order,"Mantodea"
2108,order,"Mantophasmatodea"
2109,order,"Orthoptera"
2110,order,"Phasmida"
2111,order,"Plecoptera"
2112,order,"Zoraptera"
2113,infraclass,"Palaeoptera"
2114,order,"Ephemeroptera"
2115,order,"Odonata"
2116,class,"Protura"
2117,order,"Acerentomata"
2118,order,"Eosentomata"
2119,order,"Sinentomata"
2120,subphylum,"Myriapoda"
2121,class,"Chilopoda"
2122,subclass,"Notostigomophora"
2123,order,"Scutigeromorpha"
2124,subclass,"Pleurostigmophora"
2125,order,"Craterostigmomorpha"
2126,order,"Geophilomorpha"
2127,order,"Lithobiomorpha"
2128,order,"Scolopendromorpha"
2129,class,"Diplopoda"
2130,subclass,"Chilognatha"
2131,infraclass,"Helminthomorpha"
2132,superorder,"Colobognatha"
2133,order,"Platydesmida"
2134,order,"Polyzoniida"
2135,order,"Siphonocryptida"
2136,order,"Siphonophorida"
2137,superorder,"Eugnatha"
2138,order,"Callipodida"
2139,order,"Chordeumatida"
2140,order,"Julida"
2141,order,"Polydesmida"
2142,order,"Siphoniulida"
2143,order,"Spirobolida"
2144,order,"Spirostreptida"
2145,order,"Stemmiulida"
2146,infraclass,"Pentazonia"
2147,order,"Glomerida"
2148,order,"Glomeridesmida"
2149,order,"Sphaerotheriida"
2150,subclass,"Penicillata"
2151,order,"Polyxenida"
2152,class,"Pauropoda"
2153,order,"Hexamerocerata"
2154,order,"Tetramerocerata"
2155,class,"Symphyla"
2156,order,"N.N. (e.g., Scolopendrellidae)"
2157,phylum,"Kinorhyncha"
2158,class,"Allomalorhagida"
2159,class,"Cyclorhagida"
2160,phylum,"Loricifera"
2161,order,"Nanaloricida"
2162,phylum,"Nematoda"
2163,class,"Chromadorea"
2164,subclass,"Chromadoria"
2165,superorder,"Chromadorica"
2166,order,"Chromadorida"
2167,order,"Desmodorida"
2168,order,"Desmoscolecida"
2169,order,"Microlaimida"
2170,order,"Selachinematida"
2171,subclass,"Plectia"
2172,superorder,"Monhysterica"
2173,order,"Monhysterida"
2174,superorder,"Plectica"
2175,order,"Benthimermithida"
2176,order,"Leptolaimida"
2177,order,"Plectida"
2178,superorder,"Rhabditica"
2179,order,"Diplogasterida"
2180,order,"Drilonematida"
2181,order,"Panagrolaimida"
2182,order,"Rhabditida"
2183,order,"Spirurida"
2184,superorder,"Teratocephalica"
2185,order,"Teratocephalida"
2186,class,"Dorylaimea"
2187,subclass,"Bathyodontia"
2188,superorder,"Mononchica"
2189,order,"Bathyodontida"
2190,order,"Mermithida"
2191,order,"Mononchida"
2192,subclass,"Dorylaimia"
2193,superorder,"Dorylaimica"
2194,order,"Dorylaimida"
2195,subclass,"Trichocephalia"
2196,superorder,"Trichocephalica"
2197,order,"Dioctophymatida"
2198,order,"Marimermithida"
2199,order,"Muspiceida"
2200,order,"Trichocephalida"
2201,class,"Enoplea"
2202,subclass,"Enoplia"
2203,superorder,"Enoplica"
2204,order,"Alaimida"
2205,order,"Enoplida"
2206,order,"Ironida"
2207,order,"Trifusiida"
2208,order,"Tripyloidida"
2209,superorder,"Rhaptothyreica"
2210,order,"Rhaptothyreida"
2211,subclass,"Oncholaimia"
2212,superorder,"Oncholaimica"
2213,order,"Oncholaimida"
2214,subclass,"Triplonchia"
2215,superorder,"Triplonchica"
2216,order,"Triplonchida"
2217,order,"Tripylida"
2218,phylum,"Nematomorpha"
2219,order,"Gordioidea"
2220,order,"Nectonematoidea"
2221,phylum,"Onychophora"
s2222,phylum,"Priapulida"
2222,phylum,"Priapula "
2223,class,"N.N. (e.g., Maccabeidae, Priapulidae & Tubiluchidae)"
2224,phylum,"Tardigrada"
2225,class,"Eutardigrada"
2226,order,"Apochela"
2227,order,"Parachela"
2228,class,"Heterotardigrada"
2229,order,"Arthrotardigrada"
2230,order,"Echiniscoidea"
2231,class,"Mesotardigrada"
2232,order,"Thermozodia"
s2233,superphylum,"Lophotrochozoa"
2233,superphylum,"Spiralia "
2234,phylum,"Annelida"
2235,class,"N.N."
2236,order,"Plasmodigenea"
2237,subclass,"N.N. (Aeolosomatidae, Potamodrillidae, Psammodrillidae)"
2238,subclass,"Echiura"
2239,order,"Bonelliida"
2240,order,"Echiurida"
2241,subclass,"Sipuncula"
2242,order,"Aspidosiphoniformes"
2243,order,"Golfingiiformes"
2244,order,"Phascolosomatiformes"
2245,order,"Sipunculiformes"
s2246,class,"Oligochaeta"
2246,class,"Clitellata "
2247,subclass,"N.N."
2248,order,"N.N. (Capilloventridae)"
2249,subclass,"N.N."
2250,order,"N.N. (Enchytraeidae)"
2251,subclass,"N.N."
2252,order,"N.N. (Questidae)"
2253,subclass,"N.N."
2254,order,"Apodadrilida"
2255,subclass,"N.N."
2256,superorder,"Metagynophora"
2257,order,"Moniligastrida"
2258,order,"Opisthopora"
2259,subclass,"Lumbriculata"
2260,order,"N.N. (e.g., Haplotaxidae)"
2261,order,"Acanthobdellida"
2262,order,"Branchiobdellida"
2263,order,"Hirudinida"
2264,order,"Lumbriculida"
2265,subclass,"Randiellata"
2266,order,"N.N. (Randiellidae)"
2267,subclass,"Tubificata"
2268,order,"Tubificida"
2269,class,"Polychaeta"
2270,subclass,"N.N."
2271,order,"N.N. (e.g., Nerillidae)"
2272,order,"Myzostomida"
2273,subclass,"Errantia"
2274,order,"Amphinomida"
2275,order,"Eunicida"
2276,order,"Phyllodocida"
2277,subclass,"Sedentaria"
2278,infraclass,"Canalipalpata"
2279,order,"N.N. (Chaetopteridae)"
2280,order,"Sabellida"
2281,order,"Spionida"
2282,order,"Terebellida"
2283,infraclass,"Scolecida"
2284,order,"N.N. (e.g., Arenicolidae)"
2285,phylum,"Brachiopoda"
2286,subphylum,"Craniiformea"
2287,order,"N.N. (Cranioidea)"
2288,subphylum,"Linguliformea"
2289,order,"N.N. (Discinoidea, Linguloidea)"
2290,subphylum,"Rynchonelliformea"
2291,order,"Rhynchonellida"
2292,order,"Terebratulida"
2293,order,"Thecideida"
2294,phylum,"Bryozoa"
2295,class,"Gymnolaemata"
2296,subclass,"Eurystomata"
2297,order,"Cheilostomata"
2298,order,"Ctenostomata"
2299,subclass,"Phylactolaemata"
2300,order,"Plumatellida"
2301,class,"Stenolaemata"
2302,order,"Cyclostomata"
2303,phylum,"Cycliophora"
2304,class,"Eucycliophora"
2305,order,"Symbiida "
2306,phylum,"Dicyemida"
2307,phylum,"Entoprocta"
2308,phylum,"Gastrotricha"
2309,order,"Chaetonotida"
2310,order,"Macrodasyida"
2311,phylum,"Gnathostomulida"
2312,order,"Bursovaginoidea"
2313,order,"Filospermoidea"
2314,phylum,"Micrognathozoa"
2315,class,"Micrognathozoa"
2316,order,"Limnognathida"
2317,phylum,"Mollusca"
2318,class,"Bivalvia"
2319,subclass,"Autobranchia"
2320,order,"N.N. (Hiatellidae)"
2321,superorder,"Heteroconchia"
2322,order,"Carditida"
2323,order,"Lucinida"
2324,order,"Myida"
2325,order,"Pholadomyida"
2326,order,"Trigoniida"
2327,order,"Unionida"
2328,order,"Veneroida"
2329,superorder,"Pteriomorphia"
2330,order,"Arcida"
2331,order,"Limida"
2332,order,"Mytilida"
2333,order,"Ostreida"
2334,order,"Pectinida"
2335,order,"Pteriida"
2336,subclass,"Protobranchia"
2337,order,"Nuculanida"
2338,order,"Nuculida"
2339,order,"Solemyoida"
2340,class,"Caudofoveata"
2341,order,"Chaetodermatida"
2342,class,"Cephalopoda"
2343,subclass,"Neocephalopoda"
2344,cohort,"Coleoidea"
2345,superorder,"Decapodiformes"
2346,order,"Sepiida"
2347,order,"Sepiolida"
2348,order,"Spirulida"
2349,order,"Teuthida"
2350,superorder,"Octopodiformes"
2351,order,"Octopoda"
2352,order,"Vampyromorphida"
2353,subclass,"Palcephalopoda"
2354,cohort,"Nautilidia"
2355,order,"Nautilida"
2356,class,"Gastropoda"
2357,subclass,"Caenogastropoda"
2358,order,"N.N. (e.g., Abyssochrysidae)"
2359,order,"Littorinimorpha"
2360,order,"Neogastropoda"
2361,subclass,"Cocculiniformia"
2362,order,"N.N. (e.g., Cocculinidae)"
2363,subclass,"Heterobranchia"
2364,infraclass,"N.N."
2365,order,"N.N. (e.g., Acteonidae)"
2366,infraclass,"Opistobranchia"
2367,order,"Acochlidiacea"
2368,order,"Anaspidea"
2369,order,"Cephalaspidea"
2370,order,"Gymnosomata"
2371,order,"Nudibranchia"
2372,order,"Pleurobranchomorpha"
2373,order,"Runcinacea"
2374,order,"Sacoglossa"
2375,order,"Thecosomata"
2376,order,"Umbraculida"
2377,infraclass,"Pulmonata"
2378,order,"N.N. (e.g., Achatinidae)"
2379,order,"Hygrophila"
2380,order,"Stylommatophora"
2381,order,"Systellommatophora"
2382,subclass,"Neomphalina"
2383,order,"N.N. (e.g., Neomphalidae)"
2384,subclass,"Neritimorpha"
2385,order,"Cycloneritimorpha"
2386,subclass,"Patellogastropoda"
2387,order,"N.N. (e.g., Patellidae)"
2388,subclass,"Vetigastropoda"
2389,order,"N.N. (e.g., Ataphridae)"
2390,class,"Monoplacophora"
2391,order,"Tryblidiida"
2392,class,"Polyplacophora"
2393,subclass,"Neoloricata"
2394,order,"Chitonida"
2395,order,"Lepidopleurida"
2396,class,"Scaphopoda"
2397,order,"Dentaliida"
2398,order,"Gadilida"
2399,class,"Solenogastres"
2400,superorder,"Aplotegmentaria"
2401,order,"Cavibelonia"
2402,order,"Sterrofustia"
2403,superorder,"Pachytegmentaria"
2404,order,"Neomeniamorpha"
2405,order,"Pholidoskepia"
2406,phylum,"Nemertea"
2407,class,"N.N."
2408,order,"N.N. (Arhynchonemertidae)"
2409,class,"Neonemertea"
2410,subclass,"Hoplonemertea"
2411,order,"Monostilifera"
2412,order,"Polystilifera"
2413,subclass,"Pilidiophora"
2414,order,"Hubrechtida"
2415,order,"Heteronemertea"
2416,class,"Paleonemertea"
2417,order,"N.N. (e.g., Carinomidae) "
2418,phylum,"Phoronida"
2419,class,"N.N."
2420,order,"N.N. (Phoronis, Phoronopsis)"
2421,phylum,"Platyhelminthes"
2422,subphylum,"Catenulidea"
2423,order,"Catenulida"
2424,subphylum,"Rhabditophora"
2425,infraphylum,"Macrostomorpha"
2426,order,"Haplopharyngida"
2427,order,"Macrostomida"
2428,infraphylum,"Trepaxonemata"
2429,superclass,"Amplimatricata"
2430,order,"Polycladida"
2431,order,"Prorhynchida"
2432,superclass,"Gnosonesimora"
2433,order,"Gnosonesimida"
2434,superclass,"Euneoophora"
2435,class,"Rhabdocoela"
2436,order,"Dalytyphloplanida"
2437,order,"Kalyptorhynchia"
2438,class,"Proseriata"
2439,order,"Lithophora"
2440,order,"Unguiphora"
2441,class,"Acentrosomata"
2442,subclass,"Adiaphanida"
2443,order,"Fecampiida"
2444,order,"Prolecithophora"
2445,order,"Tricladida"
2446,subclass,"Bothrioneodermata"
2447,infraclass,"Bothrioplanata"
2448,order,"Bothrioplanida "
2449,infraclass,"Neodermata"
2450,cohort,"Cestoda"
2451,order,"N.N."
2452,order,"Amphilinidea"
2453,order,"Bothriocephalidea"
2454,order,"Caryophyllidea"
2455,order,"Cathetocephalidea"
2456,order,"Cyclophyllidea"
2457,order,"Diphyllidea"
2458,order,"Diphyllobothriidea"
2459,order,"Gyrocotylidea"
2460,order,"Haplobothriidea"
2461,order,"Lecanicephalidea"
2462,order,"Litobothriidea"
2463,order,"Nippotaeniidea"
2464,order,"Onchoproteocephalidea"
2465,order,"Phyllobothriidea"
2466,order,"Rhinebothriidea"
2467,order,"Spathebothriidea"
2468,order,"Tetrabothriidea"
2469,order,"Tetraphyllidea"
2470,order,"Trypanorhyncha"
2471,cohort,"Monogenea"
2472,order,"Capsalidea"
2473,order,"Chimaericolidea"
2474,order,"Dactylogyridea"
2475,order,"Diclybothriidea"
2476,order,"Gyrodactylidea"
2477,order,"Mazocraeidea"
2478,order,"Monocotylidea"
2479,order,"Montchadskyellidea"
2480,order,"Polystomatidea"
2481,cohort,"Trematoda"
2482,order,"N.N."
2483,superorder,"Aspidogastrea"
2484,order,"Aspidogastrida"
2485,order,"Stichocotylida"
2486,superorder,"Digenea"
2487,order,"Diplostomida"
2488,order,"Plagiorchiida"
2489,phylum,"Rotifera"
2490,class,"Eurotatoria"
2491,subclass,"Monogononta"
2492,superorder,"Gnesiotrocha"
2493,order,"Collothecaceae"
2494,order,"Flosculariaceae"
2495,superorder,"Pseudotrocha"
2496,order,"Ploima"
2497,class,"Hemirotatoria"
2498,subclass,"Acanthocephala"
2499,order,"Archiacanthocephala"
2500,order,"Eoacanthocephala"
2501,order,"Palaeacanthocephala"
2502,order,"Polyacanthocephala"
2503,subclass,"Bdelloidea"
2504,order,"N.N. (e.g., Adinetidae)"
2505,subclass,"Seisonidea"
2506,order,"Seisonacea"
2507,infrakingdom,"DEUTEROSTOMIA"
2508,phylum,"Chordata"
2509,subphylum,"Cephalochordata"
2510,order,"Amphioxiformes"
2511,subphylum,"Urochordata"
2512,class,"Appendicularia"
2513,order,"Copelata"
2514,class,"Ascidiacea"
2515,order,"Enterogona"
2516,order,"Pleurogona"
2517,class,"Sorberacea"
2518,order,"N.N. (e.g., Octanemus)"
2519,class,"Thaliacea"
2520,order,"Doliolida"
2521,order,"Pyrosomida"
2522,order,"Salpida"
s2523,subphylum,"Craniata"
2523,subphylum,"Vertebrata "
2524,infraphylum,"Agnatha"
2525,class,"Cephalaspidomorphi"
2526,order,"Petromyzontiformes"
2527,class,"Myxini"
2528,order,"Myxiniformes"
2529,infraphylum,"Gnathostomata"
2530,superclass,"Actinopterygii"
2531,class,"Chondrostei"
2532,order,"Acipenseriformes"
2533,class,"Cladistei"
2534,order,"Polypteriformes"
2535,class,"Holostei"
2536,order,"Amiiformes"
2537,order,"Lepisosteiformes"
2538,class,"Teleostei"
2539,order,"N.N. (e.g., Ambassidae)"
2540,order,"Acanthuriformes"
2541,order,"Albuliformes"
2542,order,"Alepocephaliformes"
2543,order,"Anabantiformes"
2544,order,"Anguilliformes"
2545,order,"Argentiniformes"
2546,order,"Ateleopodiformes"
2547,order,"Atheriniformes"
2548,order,"Aulopiformes"
2549,order,"Batrachoidiformes"
2550,order,"Beloniformes"
2551,order,"Beryciformes"
2552,order,"Blenniiformes"
2553,order,"Caproiformes"
2554,order,"Carangiformes"
2555,order,"Centrarchiformes"
2556,order,"Characiformes"
2557,order,"Chaetodontiformes"
2558,order,"Cichliformes"
2559,order,"Clupeiformes"
2560,order,"Cypriniformes"
2561,order,"Cyprinodontiformes"
2562,order,"Elopiformes"
2563,order,"Ephippiformes"
2564,order,"Esociformes"
2565,order,"Gadiformes"
2566,order,"Galaxiiformes"
2567,order,"Gerreiformes"
2568,order,"Gobiiformes"
2569,order,"Gobiesociformes"
2570,order,"Gonorynchiformes"
2571,order,"Gymnotiformes"
2572,order,"Hiodontiformes"
2573,order,"Holocentriformes"
2574,order,"Istiophoriformes"
2575,order,"Kurtiformes"
2576,order,"Labriformes"
2577,order,"Lampridiformes"
2578,order,"Lepidogalaxiiformes"
2579,order,"Lobotiformes"
2580,order,"Lophiiformes"
2581,order,"Lutjaniformes"
2582,order,"Mugiliformes"
2583,order,"Myctophiformes"
2584,order,"Notacanthiformes"
2585,order,"Ophidiiformes"
2586,order,"Osmeriformes"
2587,order,"Osteoglossiformes"
2588,order,"Pempheriformes"
2589,order,"Perciformes"
2590,order,"Percopsiformes"
2591,order,"Pholidichthyiformes"
2592,order,"Pleuronectiformes"
2593,order,"Polymixiiformes"
2594,order,"Priacanthiformes"
2595,order,"Salmoniformes"
2596,order,"Scombriformes"
2597,order,"Siluriformes"
2598,order,"Spariformes"
2599,order,"Stomiatiformes"
2600,order,"Stylephoriformes"
2601,order,"Synbranchiformes"
2602,order,"Syngnathiformes"
2603,order,"Tetraodontiformes"
2604,order,"Uranoscopiformes"
2605,order,"Zeiformes"
2606,superclass,"Chondrichthyes"
2607,class,"Elasmobranchii"
2608,order,"Carcharhiniformes"
2609,order,"Heterodontiformes"
2610,order,"Hexanchiformes"
2611,order,"Lamniformes"
2612,order,"Myliobatiformes"
2613,order,"Orectolobiformes"
2614,order,"Pristiformes"
2615,order,"Pristiophoriformes"
2616,order,"Rajiformes"
2617,order,"Squaliformes"
2618,order,"Squatiniformes"
2619,order,"Torpediniformes"
2620,class,"Holocephali"
2621,order,"Chimaeriformes"
2622,superclass,"Sarcopterygii"
2623,class,"Coelacanthi"
2624,order,"Coelacanthiformes"
s2625,class,"Dipnoi"
2625,class,"Ceratodontae "
2626,order,"Ceratodontiformes"
2627,order,"Lepidosirenoformes"
2628,superclass,"Tetrapoda"
2629,class,"Amphibia"
2630,order,"Anura"
2631,order,"Caudata"
2632,order,"Gymnophiona"
2633,class,"Mammalia"
2634,subclass,"Prototheria"
2635,order,"Monotremata"
2636,subclass,"Theria"
s2637,infraclass,"Placentalia"
2637,infraclass,"Eutheria "
2638,order,"Afrosoricida"
2639,order,"Artiodactyla"
2640,order,"Carnivora"
2641,order,"Cetacea"
2642,order,"Chiroptera"
2643,order,"Cingulata"
2644,order,"Dermoptera"
2645,order,"Erinaceomorpha"
2646,order,"Hyracoidea"
2647,order,"Lagomorpha"
2648,order,"Macroscelidea"
2649,order,"Perissodactyla"
2650,order,"Pholidota"
2651,order,"Pilosa"
2652,order,"Primates"
2653,order,"Proboscidea"
2654,order,"Rodentia"
2655,order,"Scandentia"
2656,order,"Sirenia"
2657,order,"Soricomorpha"
2658,order,"Tubulidentata"
s2659,infraclass,"Marsupialia"
2659,infraclass,"Metatheria "
2660,order,"Dasyuromorphia"
2661,order,"Didelphimorphia"
2662,order,"Diprotodontia"
2663,order,"Microbiotheria"
2664,order,"Notoryctemorphia"
2665,order,"Paucituberculata"
2666,order,"Peramelemorphia"
2667,class,"Reptilia"
2668,subclass,"Aves"
2669,infraclass,"Neognathae"
2670,superorder,"Galloanseri"
2671,order,"Anseriformes"
2672,order,"Galliformes"
2673,superorder,"Neoaves"
2674,order,"Accipitriformes"
2675,order,"Apodiformes"
2676,order,"Bucerotiformes"
2677,order,"Caprimulgiformes"
2678,order,"Cariamiformes"
2679,order,"Charadriiformes"
2680,order,"Ciconiiformes"
2681,order,"Coliiformes"
2682,order,"Columbiformes"
2683,order,"Coraciiformes"
2684,order,"Cuculiformes"
2685,order,"Eurypygiformes"
2686,order,"Falconiformes"
2687,order,"Gaviiformes"
2688,order,"Gruiformes"
2689,order,"Leptosomiformes"
2690,order,"Mesitornithiformes"
2691,order,"Musophagiformes"
2692,order,"Nyctibiiformes"
2693,order,"Opisthocomiformes"
2694,order,"Otidiformes"
2695,order,"Passeriformes"
2696,order,"Pelecaniformes"
2697,order,"Phaethontiformes"
2698,order,"Phoenicopteriformes"
2699,order,"Piciformes"
2700,order,"Podicipediformes"
2701,order,"Procellariiformes"
2702,order,"Psittaciformes"
2703,order,"Pterocliformes"
2704,order,"Sphenisciformes"
2705,order,"Steatornithiformes"
2706,order,"Strigiformes"
2707,order,"Suliformes"
2708,order,"Trogoniformes"
2709,infraclass,"Paleognathae"
2710,order,"Apterygiformes"
2711,order,"Casuariiformes"
2712,order,"Rheiformes"
2713,order,"Struthioniformes"
2714,order,"Tinamiformes"
2715,subclass,"Crocodylomorpha"
2716,order,"Crocodylia"
2717,subclass,"Rhynchocephalia"
2718,order,"Sphenodontida"
2719,subclass,"Squamata"
2720,order,"N.N. (Dibamidae)"
2721,order,"Anguimorpha"
2722,order,"Gekkota"
2723,order,"Iguania"
2724,order,"Lacertoidea"
2725,order,"Scincoidea"
2726,order,"Serpentes"
2727,subclass,"Testudinata"
2728,order,"Testudines"
2729,phylum,"Echinodermata"
2730,subphylum,"Asterozoa"
2731,class,"Asteroidea"
2732,infraclass,"N.N."
2733,superorder,"N.N."
2734,order,"Velatida"
2735,superorder,"Forcipulatacea"
2736,order,"Brisingida"
2737,order,"Forcipulatida"
2738,superorder,"Spinulsacea"
2739,order,"Spinulosida"
2740,superorder,"Valvatacea"
2741,order,"Notomyotida"
2742,order,"Paxillosida"
2743,order,"Valvatida"
2744,infraclass,"Concentricycloidea"
2745,order,"Peripodida"
2746,class,"Ophiuroidea"
2747,subclass,"Myophiuroidea"
2748,superorder,"Euryophiurida"
2749,order,"Euryalida"
2750,order,"Ophiurida"
2751,superorder,"Ophintegrida"
2752,order,"Amphilepidida"
2753,order,"Ophiacanthida"
2754,order,"Ophioleucida"
2755,order,"Ophioscolecida"
2756,subphylum,"Crinozoa"
2757,class,"Crinoidea"
2758,subclass,"Articulata"
2759,order,"Comatulida"
2760,order,"Cyrtocrinida"
2761,order,"Hyocrinida"
2762,order,"Isocrinida"
2763,subphylum,"Echinozoa"
2764,class,"Echinoidea"
2765,subclass,"Cidaroidea"
2766,order,"Cidaroida"
2767,subclass,"Euechinoidea"
2768,infraclass,"N.N."
2769,order,"Aspidodiadematoida"
2770,order,"Diadematoida"
2771,order,"Echinothurioida"
2772,order,"Micropygoida"
2773,order,"Pedinoida"
2774,infraclass,"Carinacea"
2775,superorder,"Calycina"
2776,order,"Salenioida"
2777,superorder,"Echinacea"
2778,order,"Arbacioida"
2779,order,"Camarodonta"
2780,order,"Stomopneustoida"
2781,infraclass,"Irregularia"
2782,superorder,"N.N."
2783,order,"Echinoneoida"
2784,superorder,"Atelostomata"
2785,order,"Holasteroida"
2786,order,"Spatangoida"
2787,superorder,"Neognathostomata"
2788,order,"N.N. (Apatopygidae)"
2789,order,"Cassiduloida"
2790,order,"Clypeasteroida"
2791,order,"Echinolampadoida"
2792,class,"Holothuroidea"
2793,order,"N.N. (Thyone)"
2794,order,"Apodida"
2795,order,"Aspidochirotida"
2796,order,"Dendrochirotida"
2797,order,"Elasipodida"
2798,order,"Molpadida"
2799,phylum,"Hemichordata"
2800,class,"Enteropneusta"
2801,order,"N.N. (Harrimaniidae, Ptychoderidae, Spengellidae,Torquaratoridae)"
2802,class,"Pterobranchia"
2803,order,"N.N. (Cephalodiscidae, Rhabdopleuridae)"
